Comment Number (ID),Nickname,User @,User URL,Comment Text,Time,Likes,Profile Picture URL,Is 2nd Level Comment,User Replied To,Number of Replies
1,ylenia,ylenia_.aa,https://www.tiktok.com/@ylenia_.aa,"this is so sadğŸ˜¢lenni please stay safe.â¤â¤
âœŠâœŠğŸ»âœŠğŸ¼âœŠğŸ½âœŠğŸ¾âœŠğŸ¿",4-6-2020,,https://p77-sign-va.tiktokcdn.com/tos-maliva-avt-0068/dacd101f11e547b78c008cd1d7b9f230~c5_100x100.jpg?x-expires=1677060000&x-signature=iSLZxpM2iBM21ILDVp199KzLBBU%3D,No,---,0
2,Thalia,thalia.bgt,https://www.tiktok.com/@thalia.bgt,We are the ame ğŸ¤šğŸ»ğŸ¤šğŸ¼ğŸ¤šğŸ½ğŸ¤šğŸ¾ğŸ¤šğŸ¿ğŸ¤š,3-6-2020,,https://p16-sign-va.tiktokcdn.com/tos-maliva-avt-0068/b27668a71dbf508b25145a8b105dc54e~c5_100x100.jpg?x-expires=1677060000&x-signature=j%2B0KbwkwccAfQBXOX1eNR3Vvmuw%3D,No,---,0
3,avril cğŸ§Ÿâ€â™€ï¸,avrilxcc,https://www.tiktok.com/@avrilxcc,YES,3-11-2020,,https://p16-sign-va.tiktokcdn.com/tos-maliva-avt-0068/cb186edab6da95ee76984ec88a02e2a3~c5_100x100.jpg?x-expires=1677060000&x-signature=M70Jc3k9WX2SdOwoMS3nlKBZ2IM%3D,No,---,0
4,â“‚ï¸,mrw1432,https://www.tiktok.com/@mrw1432,YESSS âœŠğŸ»âœŠğŸ¼âœŠğŸ½âœŠğŸ¾âœŠğŸ¿â¤ï¸,3-6-2020,,https://p77-sign-va.tiktokcdn.com/tos-maliva-avt-0068/b6ef6bef6958af4aa12a42e39d8de08b~c5_100x100.jpg?x-expires=1677060000&x-signature=uB1vExmXKkYvV5ve7j%2Fjfp%2Bp4ms%3D,No,---,0
5,Louâ€™,louane__edy,https://www.tiktok.com/@louane__edy,âœŠğŸ»âœŠğŸ¼âœŠğŸ½âœŠğŸ¾âœŠğŸ¿,3-6-2020,,https://p77-sign-va.tiktokcdn.com/tos-maliva-avt-0068/8285551aab4858207e7783c0b5737767~c5_100x100.jpg?x-expires=1677060000&x-signature=GlWn8zINuijQzsguab6TnQQ0Gwk%3D,No,---,0
6,Taylor,ttaylortbh,https://www.tiktok.com/@ttaylortbh,why cat noir is amazing,14-2-2021,,https://p77-sign-va.tiktokcdn.com/tos-maliva-avt-0068/b458fd6931494add07248a0cd9792932~c5_100x100.jpg?x-expires=1677060000&x-signature=wYceW0YUoUjWCdG8yQKMFIgR1z4%3D,No,---,0
7,Lilsky_prxd_official,lil_sky75_off,https://www.tiktok.com/@lil_sky75_off,ğŸ˜¢ğŸ˜¢ğŸ˜¢ğŸ˜¢ğŸ˜¢,20-10-2020,,https://p77-sign-va.tiktokcdn.com/tos-maliva-avt-0068/759b47267fc499a2c98028039d6b03c8~c5_100x100.jpg?x-expires=1677060000&x-signature=Iwh3a7de%2B0WZRzq2qbCB2vGzea8%3D,No,---,0
8,yasmine,your_favorite_girl89,https://www.tiktok.com/@your_favorite_girl89,We are the same âœŠğŸ»âœŠğŸ¼âœŠğŸ½âœŠğŸ¾âœŠğŸ¿,13-9-2020,,https://p16-sign-va.tiktokcdn.com/tos-maliva-avt-0068/178901c89cf0c60184bba6f5f0f16fa9~c5_100x100.jpg?x-expires=1677060000&x-signature=UwPkbnTzjCsCxH8r4HPF5m64RW8%3D,No,---,0
9,á »êª–á »êª–êª‘êª–á¥Šêª®êªŠêª‘ê«€ğ˜´êªœğ“²ê«€ê«€ğ˜´ ğŸ’«ğŸ’,fafamaxoumesviees,https://www.tiktok.com/@fafamaxoumesviees,âœŠï¸ğŸ»âœŠï¸ğŸ¼âœŠï¸ğŸ½âœŠï¸ğŸ¾âœŠï¸ğŸ¿,4-6-2020,,https://p16-sign-va.tiktokcdn.com/tos-maliva-avt-0068/5af2efb2aec53fd2e17e33f10c170f23~c5_100x100.jpg?x-expires=1677060000&x-signature=PVgx8hSQRG844ar3wBICF4rIJuI%3D,No,---,0
10,Batool,batcholah,https://www.tiktok.com/@batcholah,âœŠğŸ»âœŠğŸ¼âœŠğŸ½âœŠğŸ¾âœŠğŸ¿â¤ï¸â¤ï¸,3-6-2020,,https://p77-sign-sg.tiktokcdn.com/aweme/100x100/tos-alisg-avt-0068/d1ff360c1c31cbd97fa8c8656707a7d2.jpg?x-expires=1677060000&x-signature=lHR%2FpJcFNbdQz7wZwVcv0ChALPY%3D,No,---,0
11,Emmy,emmy.slnbt,https://www.tiktok.com/@emmy.slnbt,Every Lives Matter,3-6-2020,,https://p77-sign-va.tiktokcdn.com/tos-maliva-avt-0068/96c0189558a0158a9d74be2c5dc7051e~c5_100x100.jpg?x-expires=1677060000&x-signature=P3L2OO57dM3hsJA11oEeIqAt1pY%3D,No,---,0
12,nefertiti Bsa,nefertitibsa,https://www.tiktok.com/@nefertitibsa,[weep][weep],3-6-2020,,https://p77-sign-sg.tiktokcdn.com/aweme/100x100/tos-alisg-avt-0068/db9c12c66dea8c050b274333a2fc4164.jpg?x-expires=1677060000&x-signature=CUriKJCkWryAKqgb7WMe%2FXpPCXY%3D,No,---,0
13,Stranger things check â¤ï¸ğŸ¥º,011eleven0,https://www.tiktok.com/@011eleven0,âœŠâœŠâœŠ,3-6-2020,,https://p16-sign-sg.tiktokcdn.com/aweme/100x100/tos-alisg-avt-0068/70a2361f45999f4fc1e4b14cfd872b25.jpg?x-expires=1677060000&x-signature=R1afX8xgCQxhyffQtaItBuEiOZk%3D,No,---,0
14,Lennikimofficiel,lk_lennikimofficiel,https://www.tiktok.com/@lk_lennikimofficiel,Nous sommes tous pareil âœŠğŸ»âœŠğŸ¼âœŠğŸ½âœŠğŸ¾âœŠğŸ¿,3-6-2020,,https://p16-sign-va.tiktokcdn.com/musically-maliva-obj/cb4dc2b0d935bda7d5dce789a2ad3400~c5_100x100.jpg?x-expires=1677060000&x-signature=lFhQlkJBtTUSt5rTAo3pJRR3zg0%3D,No,---,3
15,ThÃ©rÃ¨se,court_jambe,https://www.tiktok.com/@court_jambe,carrÃ©ment lenni â¤ğŸ˜Š,5-12-2020,,https://p16-sign-sg.tiktokcdn.com/aweme/100x100/tos-alisg-avt-0068/28975a60e96fc6faa2b0e2d3e7f6abdc.jpg?x-expires=1677060000&x-signature=x53gtJ7GPjd7D0wOh9WYvEzP8eo%3D,Yes,Lennikimofficiel,0
16,Gigi Sapequinha,gigisapequinha,https://www.tiktok.com/@gigisapequinha,Câ€™est vrai âœŠâœŠğŸ»âœŠğŸ¼âœŠğŸ½âœŠğŸ¾âœŠğŸ¿,24-7-2020,,https://p16-sign-va.tiktokcdn.com/musically-maliva-obj/200715890778694e2a894bfd83c10c16~c5_100x100.jpg?x-expires=1677060000&x-signature=nptySQTyK7SDdax0m%2FspbsvoCK8%3D,Yes,Lennikimofficiel,0
17,ğŸ’–NAYAğŸ’–,naya_la_meilleure,https://www.tiktok.com/@naya_la_meilleure,carrÃ©ment lenni la j'avoue bien,21-1-2021,,https://p16-sign-sg.tiktokcdn.com/aweme/100x100/tos-alisg-avt-0068/d7270886fca0536ff72155d31183eff4.jpg?x-expires=1677060000&x-signature=NqUP8mIAL4l5x2iM9q5OjMyDIjM%3D,Yes,Lennikimofficiel,0
18,Je rend â¤ï¸â¤ï¸â¤ï¸,la_potterhead_2.0,https://www.tiktok.com/@la_potterhead_2.0,Ont est tous egaux âœŠâœŠğŸ»âœŠğŸ¼âœŠğŸ½âœŠğŸ¾âœŠğŸ¿merci Lenni-Kim â¤ï¸â¤ï¸,3-6-2020,,https://p77-sign-va-lite.tiktokcdn.com/musically-maliva-obj/da61c08009d88fc83b7edabeea67846d~c5_100x100.jpg?x-expires=1677060000&x-signature=mPJ7rNVtXAG%2FXMEfbMi8RWre2VY%3D,No,---,0
19,Poca2810,poca2810,https://www.tiktok.com/@poca2810,"tous Ã©gaux, tous pareil, aucune diffÃ©rence âœŠâœŠğŸ»âœŠğŸ¼âœŠğŸ½âœŠğŸ¾âœŠğŸ¿",3-6-2020,,https://p16-sign-va.tiktokcdn.com/tos-maliva-avt-0068/497797a239b8a47c5ababb19cf24217e~c5_100x100.jpg?x-expires=1677060000&x-signature=KmdYgTYUuxLzrG6buLyugu7ohKA%3D,No,---,1
20,justine,juuu_prv09,https://www.tiktok.com/@juuu_prv09,Non non des diffÃ©rences mais câ€™est ce qui devrait tous nous rassemblez et pas nous diviser âœŠğŸ»âœŠğŸ¼âœŠğŸ½âœŠğŸ¾âœŠğŸ¿,3-6-2020,,https://p16-sign-va.tiktokcdn.com/tos-maliva-avt-0068/df99233201380ba8e610cbe7e63a64d3~c5_100x100.jpg?x-expires=1677060000&x-signature=TlacNhwDcQwyfebXzExY0QhA6TQ%3D,Yes,Poca2810,0
21,suunshinny,suunshinny,https://www.tiktok.com/@suunshinny,continuez Ã  dÃ©fendre vos valeursâœŠğŸ¼,3-6-2020,,https://p16-sign-va.tiktokcdn.com/tos-maliva-avt-0068/fef09b0aef9492837448b12aca8c02af~c5_100x100.jpg?x-expires=1677060000&x-signature=DK7gcnwQGZDXTIuOsozL0AfwMjM%3D,No,---,1
22,Kiki__ka,kiki__ka,https://www.tiktok.com/@kiki__ka,@lennikimofficiel âœŠğŸ»âœŠğŸ¼âœŠğŸ½âœŠğŸ¾âœŠğŸ¿,3-6-2020,,https://p16-sign-va.tiktokcdn.com/tos-maliva-avt-0068/f3e7db954f167c18c91d11ef703dfcca~c5_100x100.jpg?x-expires=1677060000&x-signature=2Wsf4fvQBZgs%2FwQsrYJtOgGteho%3D,Yes,suunshinny,0
23,ğŸ’¥ Miyoko ğŸ’¥,kny_.fnz,https://www.tiktok.com/@kny_.fnz,@okazelda08900 :ğ‘¾ğ‘¬ âœŠğŸ» ğ‘¨ğ‘¹ğ‘¬ âœŠğŸ¼ ğ‘»ğ‘¯ğ‘¬ âœŠğŸ¾ ğ‘ºğ‘¨ğ‘´ğ‘¬ âœŠğŸ¿,3-6-2020,,https://p16-sign-va.tiktokcdn.com/tos-maliva-avt-0068/f6058305a1dae99570652887a1a2f2b6~c5_100x100.jpg?x-expires=1677060000&x-signature=cRXR67SYNtDz9K0w6LBckOBcZhQ%3D,No,---,0
24,Compte mort..,lauria_mdr,https://www.tiktok.com/@lauria_mdr,Ont est tous construit de la mÃªme maniÃ¨re ğŸ¥ºâœŠğŸ¤²ğŸ»ğŸ¤šğŸ¼ğŸ–ğŸ½âœ‹ğŸ¾ğŸ‘‹ğŸ¿ğŸ’–ğŸ’–ğŸ’–ğŸ’–,4-6-2020,,https://p16-sign-sg.tiktokcdn.com/aweme/100x100/tos-alisg-avt-0068/b43c7d1ebb02136ac353bf7d22fd5dc6.jpg?x-expires=1677060000&x-signature=izQiON2oKyFsxfwu6y%2Fr%2FLene6Y%3D,No,---,0
25,xoxo,user459104618,https://www.tiktok.com/@user459104618,je tm bordel ğŸ–¤ âœŠ,4-6-2020,,https://p16-sign-va.tiktokcdn.com/tos-maliva-avt-0068/ae9156c61bd829e7e9d16d3ec83b6de3~c5_100x100.jpg?x-expires=1677060000&x-signature=A4bkY4CHevD9TWZZqYH5ZT0wgz4%3D,No,---,0
26,juste-taehyung,multifandomkpop2019,https://www.tiktok.com/@multifandomkpop2019,merci beaucoup beau coup d'Ãªtre du cÃ´tÃ© des non racisme merci du fond du coeur ğŸ’šğŸ’šğŸ’š,3-6-2020,,https://p16-sign-sg.tiktokcdn.com/aweme/100x100/tos-alisg-avt-0068/22baa6dc31d6e8b8ff1f2f57a3e5f94b.jpg?x-expires=1677060000&x-signature=aWELL%2FerWaHu7nD26r0q7ykbA7s%3D,No,---,0
27,M.M3ğŸ«¶ğŸ½,my._m3r,https://www.tiktok.com/@my._m3r,ğŸ‘ŠğŸ¼ğŸ‘ŠğŸ½ğŸ‘ŠğŸ¾ğŸ‘ŠğŸ¿,3-6-2020,,https://p16-sign-va.tiktokcdn.com/tos-maliva-avt-0068/6bea939706a07981955e7c23e9ee9e70~c5_100x100.jpg?x-expires=1677060000&x-signature=eMcStil1IIQeoJ%2B7TyiWaQTWp%2Fw%3D,No,---,0
28,Dodo,dodo.stn,https://www.tiktok.com/@dodo.stn,âœŠğŸ»âœŠğŸ¼âœŠğŸ½âœŠğŸ¾âœŠğŸ¿,3-6-2020,,https://p16-sign-va.tiktokcdn.com/tos-maliva-avt-0068/eb1831c196e1c2c4403e32573a525923~c5_100x100.jpg?x-expires=1677060000&x-signature=l7gHLC4EG1z8MFbsvOHxRtwissQ%3D,No,---,0
29,MelissağŸŒ·,mel8.2,https://www.tiktok.com/@mel8.2,âœŠğŸ»âœŠğŸ¼âœŠğŸ½âœŠğŸ¾âœŠğŸ¿tous unis!!!!,3-6-2020,,https://p16-sign-va.tiktokcdn.com/tos-maliva-avt-0068/8d93dfe5961b20606159c9b1a2dd2465~c5_100x100.jpg?x-expires=1677060000&x-signature=7Fv9JrZHV%2Bz7LMRtFLuMpsSWhcw%3D,No,---,0
30,<3,ittsestrellaa,https://www.tiktok.com/@ittsestrellaa,âœŠğŸ»âœŠğŸ¼âœŠğŸ½âœŠğŸ¾âœŠğŸ¿,3-6-2020,,https://p16-sign-va.tiktokcdn.com/tos-maliva-avt-0068/9a42327b163068444db67289cd1f5ce4~c5_100x100.jpg?x-expires=1677060000&x-signature=01RvDR44Ep1f5vnfFqe6uwGPrp0%3D,No,---,0
31,Call me Pinky ! ğŸ–¤,pinky_yb,https://www.tiktok.com/@pinky_yb,"nous venons du mÃªme monde, de la mÃªme Terre, les singles sont de couleur noir donc nos ancÃªtres. Nous somme tous Ã©gaux âœŠğŸ»âœŠğŸ½âœŠğŸ¾âœŠğŸ¿. ğŸ¤œğŸ¿ğŸ¤›ğŸ»",3-6-2020,,https://p16-sign-va.tiktokcdn.com/tos-maliva-avt-0068/b8da78efa2ca8861f3e6b09eb017d2ec~c5_100x100.jpg?x-expires=1677060000&x-signature=EaM9eJFRe3TrqYKKwPQGSvoCHF8%3D,No,---,0
32,MarianağŸ¤­,rebeka_69_,https://www.tiktok.com/@rebeka_69_,âœŠğŸ¿âœŠğŸ¿âœŠğŸ¿âœŠğŸ¿âœŠğŸ¿âœŠğŸ¿âœŠğŸ¿âœŠğŸ¿âœŠğŸ¿âœŠğŸ¿âœŠğŸ¿âœŠğŸ¿âœŠğŸ¿âœŠğŸ¿âœŠğŸ¿âœŠğŸ¿âœŠğŸ¿âœŠğŸ¿âœŠğŸ¿âœŠğŸ¿âœŠğŸ¿âœŠğŸ¿âœŠğŸ¿âœŠğŸ¿âœŠğŸ¿âœŠğŸ¿âœŠğŸ¿âœŠğŸ¿âœŠğŸ¿âœŠğŸ¿âœŠğŸ¿âœŠğŸ½âœŠğŸ½âœŠğŸ½âœŠğŸ»âœŠğŸ»âœŠğŸ»âœŠğŸ½âœŠğŸ½âœŠğŸ½âœŠğŸ½âœŠğŸ½âœŠğŸ½âœŠğŸ½âœŠğŸ½âœŠğŸ½âœŠğŸ½âœŠğŸ½âœŠğŸ½âœŠğŸ½,3-6-2020,,https://p16-sign-va.tiktokcdn.com/tos-maliva-avt-0068/13cc951bae66dbd9a2f8f81baee7bda5~c5_100x100.jpg?x-expires=1677060000&x-signature=Zj3Y3iXDTpBt8U5FEDGc8LqyKHo%3D,No,---,0
33,Claire,claire_glc,https://www.tiktok.com/@claire_glc,ğ‘¾ğ‘¬ âœŠğŸ»ğ‘¨ğ‘¹ğ‘¬ âœŠğŸ¼ ğ‘»ğ‘¯ğ‘¬ âœŠğŸ¾ ğ‘¨ğ‘´ğ‘¬ âœŠğŸ¿ NOUS SOMMES TOUS PAREIL,4-6-2020,,https://p16-sign-va.tiktokcdn.com/tos-maliva-avt-0068/1ebb83e2f4ae7607550a7313947564f2~c5_100x100.jpg?x-expires=1677060000&x-signature=K2L%2FRN56cDZ%2F03aATxf%2FcIoZnf8%3D,No,---,0
34,Gwendolina 07,gwendolina07,https://www.tiktok.com/@gwendolina07,sa se fait vraiment pas se qu'il a fait le flic... on est tous Ã©gaux peut importe not diffÃ©rence...,4-6-2020,,https://p16-sign-sg.tiktokcdn.com/aweme/100x100/tiktok-obj/74928cdd1c80cbd2d4cf2d45034bc8dc.jpg?x-expires=1677060000&x-signature=JirSajdxCgKBXZUTfoSFi8Jn3gc%3D,No,---,0
35,Sena Kaya,senakaya420,https://www.tiktok.com/@senakaya420,"je dÃ©teste le comportement racieste, je t'aime tellement pour avoir soutenu Ã§a âœŠğŸ¿ğŸ’ªğŸ¿â¤â¤â¤â¤â¤â¤â¤â¤",3-6-2020,,https://p16-sign-sg.tiktokcdn.com/aweme/100x100/tos-alisg-avt-0068/e0918123de5bbc84aa6a78a9eb4d94ef.jpg?x-expires=1677060000&x-signature=%2FP4Ck4mlBBb%2FI0AAXu4K4zrFSmc%3D,No,---,0
36,ê§ğ´ğ‘™ğ‘–ğ‘ğ‘–ğ‘ê§‚,alicia____2006,https://www.tiktok.com/@alicia____2006,Soyons tous unis âœŠğŸ»âœŠğŸ¼âœŠğŸ½âœŠğŸ¾âœŠğŸ¿ â¤ï¸,3-6-2020,,https://p16-sign-va.tiktokcdn.com/tos-maliva-avt-0068/a4cc69b23170adddeb82c3c8903a9ccc~c5_100x100.jpg?x-expires=1677060000&x-signature=eTMN46c7V5xvJpCwBm32FLMkY%2BA%3D,No,---,0
37,Issam,issamrouag,https://www.tiktok.com/@issamrouag,Wooooo,3-6-2020,,https://p16-sign-va.tiktokcdn.com/tos-maliva-avt-0068/b0b8fd138cf26c45277973be19a55d76~c5_100x100.jpg?x-expires=1677060000&x-signature=oWID7EryD5vZmYm9FtKxiXwW5hI%3D,No,---,0
38,ssÇu,ness22wb,https://www.tiktok.com/@ness22wb,Que miedo,15-6-2020,,https://p16-sign-va.tiktokcdn.com/tos-maliva-avt-0068/254923eebd3e8b478c0ab28618459614~c5_100x100.jpg?x-expires=1677060000&x-signature=JNwtYKxmG83w5du%2FQYw5oXrCpuE%3D,No,---,0
39,<3,user29374628183,https://www.tiktok.com/@user29374628183,"My baby, t'es le meilleur ğŸ¥ºğŸ’•",3-6-2020,,https://p16-sign-va.tiktokcdn.com/tos-maliva-avt-0068/c18447f57e2326c9d6bec678d8cfe657~c5_100x100.jpg?x-expires=1677060000&x-signature=ZScfewB5TJ%2FFDr7do7AUpyG02jU%3D,No,---,0
40,Vic & Co,vickyofficial_,https://www.tiktok.com/@vickyofficial_,"The power of world
âœŠğŸ¼ ğŸ–¤âœŠğŸ¿ !!!
On est tous Ã©gaux et diffÃ©rents et on mÃ©rite tous le respect ğŸ™ğŸ–¤. #blacklivesmatter",3-6-2020,,https://p16-sign-va.tiktokcdn.com/tos-maliva-avt-0068/6d9091e96bf40fddbf81701d0b9ded83~c5_100x100.jpg?x-expires=1677060000&x-signature=ZDs7pzrXN54xirJ657rdP8qSLuc%3D,No,---,0
41,TinaÃ«lle,tinaelle86,https://www.tiktok.com/@tinaelle86,Tous unis contre ces violences âœŠğŸ»âœŠğŸ¼âœŠğŸ½âœŠğŸ¾âœŠğŸ¿,3-6-2020,,https://p77-sign-sg.tiktokcdn.com/aweme/100x100/tos-alisg-avt-0068/7dd7814c937a917b4bfe28598aaf348d.jpg?x-expires=1677060000&x-signature=4hx52n7LNTnrGQhEHKr0z%2B8iN3k%3D,No,---,0
42,LunağŸŒ™,luna22140,https://www.tiktok.com/@luna22140,Wesh chuis la 3Ã¨me,3-6-2020,,https://p77-sign-va.tiktokcdn.com/tos-maliva-avt-0068/c464d49aaec420a09ca3ecae993d5e3d~c5_100x100.jpg?x-expires=1677060000&x-signature=qU6q9ISVrBR5elm9NR0w6C5J7Qk%3D,No,---,0
43,âœï¸la_petite_alyâœï¸,la_petite_aly1,https://www.tiktok.com/@la_petite_aly1,on nea toua des humain on merite tous de vivre âœŠğŸ»âœŠğŸ¼âœŠğŸ½âœŠğŸ¾âœŠğŸ¿,3-6-2020,,https://p16-sign-va.tiktokcdn.com/tos-maliva-avt-0068/e83f89e3ea4109e6f70d9a45d9ce0c50~c5_100x100.jpg?x-expires=1677060000&x-signature=jnii36EqPITKHrxGuQ91zsUd2ME%3D,No,---,0
44,mariya ğŸ‡²ğŸ‡¦,mariyaluz7,https://www.tiktok.com/@mariyaluz7,LENNI SERA EN LIVE A 19H SUR TIK TOK SOYEZ AU RDV âš âš âš âš âš ,4-6-2020,,https://p16-sign-va.tiktokcdn.com/tos-maliva-avt-0068/27ecef91116847faf014b2f412a6dd63~c5_100x100.jpg?x-expires=1677060000&x-signature=2vOSJomidZcMM5N3fKnZLzLCgmY%3D,No,---,0
45,ğ–˜ğ–†ğ–—ğ–†ğŸƒ,_5ara,https://www.tiktok.com/@_5ara,âœŠğŸ»âœŠğŸ¼âœŠğŸ½âœŠğŸ¾âœŠğŸ¿. âœŠğŸ¿=âœŠğŸ». nous sommes tous Ã©gaux,5-6-2020,,https://p16-sign-va.tiktokcdn.com/tos-maliva-avt-0068/ccd018f5ee4ccfc852fe74636f0a26e7~c5_100x100.jpg?x-expires=1677060000&x-signature=1skbpzD90%2Bi517c7OJhkTix11Mg%3D,No,---,0
46,Jannadrs,jdrs_paris,https://www.tiktok.com/@jdrs_paris,âœŠğŸ¾âœŠğŸ¿âœŠğŸ¼âœŠğŸ½âœŠğŸ»,3-6-2020,,https://p77-sign-va.tiktokcdn.com/tos-maliva-avt-0068/a1dfe071c6b88e56676b5c5e3a91ce05~c5_100x100.jpg?x-expires=1677060000&x-signature=xl2Qws8ANFYTmNJwOk3dWT%2F8T%2Fo%3D,No,---,0
47,Pauline ğŸ«¶ğŸ»â¤ï¸,monlenni18,https://www.tiktok.com/@monlenni18,Nous sommes tous pareil bravo,4-6-2020,,https://p16-sign-va.tiktokcdn.com/tos-maliva-avt-0068/7a7e313733f152543991d5517537cf49~c5_100x100.jpg?x-expires=1677060000&x-signature=wnxAz44f4tvHSDazlmJzc4V1TQc%3D,No,---,0
48,Iza Lantsov,zaczytana_w_fantasy,https://www.tiktok.com/@zaczytana_w_fantasy,âœŠâœŠğŸ»âœŠğŸ¼âœŠğŸ½âœŠğŸ¾âœŠğŸ¿,4-6-2020,,https://p16-sign-va.tiktokcdn.com/tos-maliva-avt-0068/3189743c7cd2858f4733d94e0294f173~c5_100x100.jpg?x-expires=1677060000&x-signature=4ARjmG4wOGHIpFHsix6RL0fldmo%3D,No,---,0
49,kimi95,lennikim_top,https://www.tiktok.com/@lennikim_top,"âœŠğŸ»âœŠğŸ¼âœŠğŸ½âœŠğŸ¾âœŠğŸ¿
LK",4-6-2020,,https://p16-sign-va.tiktokcdn.com/musically-maliva-obj/1665524586599429~c5_100x100.jpg?x-expires=1677060000&x-signature=6gTlKFsOny3S7VgQq%2F%2FYhBcVdAw%3D,No,---,0
50,ğŸ–¤ğ–ˆğ–ğ–‘ğ–”ğ–ŠğŸ–¤,citation....._1,https://www.tiktok.com/@citation....._1,Nous sommes tous pareil,31-7-2020,,https://p16-sign-va.tiktokcdn.com/tos-maliva-avt-0068/5150cd02dcba9c2a9ba878b98964b2e9~c5_100x100.jpg?x-expires=1677060000&x-signature=ky5P0zp%2Bki0QZaSNo9Qzo5KZyOk%3D,No,---,0
51,Vic,vicky.loana,https://www.tiktok.com/@vicky.loana,âœŠğŸ»âœŠğŸ¼âœŠğŸ½âœŠğŸ¾âœŠğŸ¿tous Ã©gaux,3-6-2020,,https://p16-sign-sg.tiktokcdn.com/aweme/100x100/tos-alisg-avt-0068/7806b48bf91dfd9dd4e45173cd2c871b.jpg?x-expires=1677060000&x-signature=SgLdYj7gl36XATXNA%2FOsMo5lg6g%3D,No,---,0
52,â™¡ï¸ğ—šğ—®ğ—¯ğ—¿ğ—¶ğ—²ğ—¹ğ—¹ğ—²â™¡ï¸,gab.love3,https://www.tiktok.com/@gab.love3,âœŠâœŠğŸ»âœŠğŸ¼âœŠğŸ½âœŠğŸ¾âœŠğŸ¿ on tous pareil malgrÃ© notre diffÃ©rence de peau ğŸ¥º â¤â¤,3-6-2020,,https://p77-sign-va.tiktokcdn.com/tos-maliva-avt-0068/e55ae51c6fc0a8216caad4def94abfcb~c5_100x100.jpg?x-expires=1677060000&x-signature=ylHHeV%2BjgnWQ7kaNj76w5ERs38s%3D,No,---,0
53,êªœê«€êª€âš¥ï¸êª‘ ğŸŒ¿,xxsaraxx_21,https://www.tiktok.com/@xxsaraxx_21,âœŠâœŠğŸ»âœŠğŸ¼âœŠğŸ½âœŠğŸ¾âœŠğŸ¿ ğŸ˜” j'espÃ¨re que sa va bien aller l'annÃ©e 2020,3-6-2020,,https://p16-sign-va.tiktokcdn.com/tos-maliva-avt-0068/8bd47f3e59927dc018fb5635625b397a~c5_100x100.jpg?x-expires=1677060000&x-signature=pz2Y%2FJq9YA22Rs416njLv%2F16otE%3D,No,---,0
54,ê§ğ´ğ‘™ğ‘–ğ‘ğ‘–ğ‘ê§‚,alicia____2006,https://www.tiktok.com/@alicia____2006,Merci pour tout Lenni âœŠğŸ»âœŠğŸ¼âœŠğŸ½âœŠğŸ¾âœŠğŸ¿â¤ï¸â¤ï¸â¤ï¸,3-6-2020,,https://p16-sign-va.tiktokcdn.com/tos-maliva-avt-0068/a4cc69b23170adddeb82c3c8903a9ccc~c5_100x100.jpg?x-expires=1677060000&x-signature=eTMN46c7V5xvJpCwBm32FLMkY%2BA%3D,No,---,0
55,ğŸŒ´LÃ©nağŸŒ´,lena.11101,https://www.tiktok.com/@lena.11101,âœŠ âœŠ âœŠ âœŠ âœŠ âœŠ âœŠ âœŠ âœŠ,3-6-2020,,https://p16-sign-va.tiktokcdn.com/musically-maliva-obj/a0c76905ca107e34215f1eb435cb15f1~c5_100x100.jpg?x-expires=1677060000&x-signature=2ImD%2Bg%2BZqfcZa%2Fz6WJNlF%2FO8NZQ%3D,No,---,0
56,CÃ©liaâ¤ï¸,celia_.crd,https://www.tiktok.com/@celia_.crd,fais attention Ã  toiâ¤ï¸âœŠğŸ»âœŠğŸ¼âœŠğŸ½âœŠğŸ¾âœŠğŸ¿,3-6-2020,,https://p16-sign-va.tiktokcdn.com/tos-maliva-avt-0068/f1cfbec9ec0d7dd1594c893253645f82~c5_100x100.jpg?x-expires=1677060000&x-signature=c4QfD6bLdcmxCsxgZ%2Fre1MQHpIQ%3D,No,---,0
57,Lou Musique,loumusiquefp,https://www.tiktok.com/@loumusiquefp,âœŠğŸ»âœŠğŸ¼âœŠğŸ½âœŠğŸ¾âœŠğŸ¿,4-6-2020,,https://p16-sign-va.tiktokcdn.com/tos-maliva-avt-0068/8100be6b3bab65381b772efcaea231df~c5_100x100.jpg?x-expires=1677060000&x-signature=88zhRw5PBLNgjZL2vpP9XSlKtrc%3D,No,---,0
58,Call me Pinky ! ğŸ–¤,pinky_yb,https://www.tiktok.com/@pinky_yb,ğŸ¤œğŸ¿ğŸ’–ğŸ¤›ğŸ»,3-6-2020,,https://p16-sign-va.tiktokcdn.com/tos-maliva-avt-0068/b8da78efa2ca8861f3e6b09eb017d2ec~c5_100x100.jpg?x-expires=1677060000&x-signature=EaM9eJFRe3TrqYKKwPQGSvoCHF8%3D,No,---,0
59,Call me Pinky ! ğŸ–¤,pinky_yb,https://www.tiktok.com/@pinky_yb,âœŠğŸ»âœŠğŸ¼âœŠğŸ½âœŠğŸ¾âœŠğŸ¿,3-6-2020,,https://p16-sign-va.tiktokcdn.com/tos-maliva-avt-0068/b8da78efa2ca8861f3e6b09eb017d2ec~c5_100x100.jpg?x-expires=1677060000&x-signature=EaM9eJFRe3TrqYKKwPQGSvoCHF8%3D,No,---,0
60,â˜…,__rana__5,https://www.tiktok.com/@__rana__5,"Merci beaucoup Lenni-Kim de passer ce message nous sommes tout Ã©gaux peut importe la couleur de notre peau quâ€™elle soit noire,blanche ou jaune âœŠğŸ¿âœŠğŸ»âœŠ",3-6-2020,,https://p77-sign-sg.tiktokcdn.com/aweme/100x100/tos-alisg-avt-0068/920b8c1ab9cc3e07eac4d3cd70ca3e30.jpg?x-expires=1677060000&x-signature=t92WGuka0Sc%2BH7zV1IKPOndLJ2s%3D,No,---,0
61,Emeline,emelinemrtz,https://www.tiktok.com/@emelinemrtz,Tous ensemble â¤ï¸â¤ï¸,3-6-2020,,https://p77-sign-va-lite.tiktokcdn.com/tos-maliva-avt-0068/ba520160dc1f172afe5bd037662eb0c6~c5_100x100.jpg?x-expires=1677060000&x-signature=MLccWEKW3P8AIPA3V6wygBKtMWk%3D,No,---,0
62,LunağŸŒ™,luna22140,https://www.tiktok.com/@luna22140,ğŸ‘ŠğŸ»ğŸ‘ŠğŸ¼ğŸ‘ŠğŸ½ğŸ‘ŠğŸ¾ğŸ‘ŠğŸ¿ TOUS PAREIL,3-6-2020,,https://p77-sign-va.tiktokcdn.com/tos-maliva-avt-0068/c464d49aaec420a09ca3ecae993d5e3d~c5_100x100.jpg?x-expires=1677060000&x-signature=qU6q9ISVrBR5elm9NR0w6C5J7Qk%3D,No,---,0
63,okkkkuuurrr_____,odeline_,https://www.tiktok.com/@odeline_,âœŠğŸ»âœŠğŸ¼âœŠğŸ½âœŠğŸ¾âœŠğŸ¿â¤ï¸â¤ï¸,3-6-2020,,https://p16-sign-va.tiktokcdn.com/tos-maliva-avt-0068/c986f25a371f0dc0ec343ad38c79c975~c5_100x100.jpg?x-expires=1677060000&x-signature=nXKYNNNVEurqYkzDD3GhmI9TRTM%3D,No,---,0
64,Îœadlene ğŸ’œâ˜¯ï¸âœï¸â£ï¸âœï¸,magdalene533,https://www.tiktok.com/@magdalene533,les vies noires comptents.âœŠ,10-8-2020,,https://p16-sign-va.tiktokcdn.com/tos-maliva-avt-0068/f628a11dc3e8cea74e2664fa7976f782~c5_100x100.jpg?x-expires=1677060000&x-signature=1osW8AonAiPycIzCoNywQrpGVX8%3D,No,---,0
65,Clem ğŸğŸ â´â´ âµâµ,kaz_s_investment_,https://www.tiktok.com/@kaz_s_investment_,âœŠâœŠğŸ»âœŠğŸ¼âœŠğŸ½âœŠğŸ¾âœŠğŸ¿ pourquoi certains oublie le poing jaune? ğŸ¤¨,4-6-2020,,https://p16-sign-va.tiktokcdn.com/tos-maliva-avt-0068/54b217d35bf26950e919c231ee05d4ee~c5_100x100.jpg?x-expires=1677060000&x-signature=dGPAZqWc5eZY6uPBi5oo3yXorQ0%3D,No,---,0
66,ğŸ‡«ğŸ‡·ğŸ‡±ğŸ‡§,ophelie_gzt,https://www.tiktok.com/@ophelie_gzt,Nous sommes Ã©gaux âœŠâœŠğŸ»âœŠğŸ¼âœŠğŸ½âœŠğŸ¾âœŠğŸ¿,3-6-2020,,https://p16-sign-va.tiktokcdn.com/tos-maliva-avt-0068/36ef5c2f8ee3dfa4fec5c3cec8c74870~c5_100x100.jpg?x-expires=1677060000&x-signature=EHmnJiYVDX9NZGKZvt8zh4fLKmg%3D,No,---,0
67,ğŸ‘‘MarinağŸ‘‘,marina_prn.51,https://www.tiktok.com/@marina_prn.51,tous pareil tous egauxâœŠâœŠğŸ»âœŠğŸ¼âœŠğŸ½âœŠğŸ¾âœŠğŸ¿,3-6-2020,,https://p77-sign-va.tiktokcdn.com/tos-maliva-avt-0068/9cda12b3eb090794f04c54ca30a93742~c5_100x100.jpg?x-expires=1677060000&x-signature=WDAq1wh7LWryKoC0OfQ8z0O1FBY%3D,No,---,0
68,Margot LK,margot.lk,https://www.tiktok.com/@margot.lk,âœŠğŸ¼âœŠğŸ¾âœŠğŸ»âœŠğŸ¿,3-6-2020,,https://p16-sign-va.tiktokcdn.com/tos-maliva-avt-0068/7530a00160aef06a7f823850458b2dbf~c5_100x100.jpg?x-expires=1677060000&x-signature=eoXV84joSZChBdeC3JkkICbwy8E%3D,No,---,0
69,ğŸ«¶ğŸ»,coline_prv_,https://www.tiktok.com/@coline_prv_,âœŠâœŠğŸ»âœŠğŸ¼âœŠğŸ½âœŠğŸ¾âœŠğŸ¿,3-6-2020,,https://p16-sign-va.tiktokcdn.com/tos-maliva-avt-0068/40b89e2c0811795b232a788d3f0ce11b~c5_100x100.jpg?x-expires=1677060000&x-signature=ErQvEumwTTIVgiUuJMTnVBgas2s%3D,No,---,0
70,Saaam,saaam.sprm,https://www.tiktok.com/@saaam.sprm,tu es au manif en France ou au Ã©tats-unis ??,3-6-2020,,https://p16-sign-va.tiktokcdn.com/tos-maliva-avt-0068/f921e04ec98d04d46fb7a994afe85a2a~c5_100x100.jpg?x-expires=1677060000&x-signature=aDXtnbpJai1xvlNPECJ3GcfdqvY%3D,No,---,0
71,SğŸ’¤,sa.30._,https://www.tiktok.com/@sa.30._,âœŠğŸ»âœŠğŸ¼âœŠğŸ½âœŠğŸ¾âœŠğŸ¿ tous Ã©gaux â¤,3-6-2020,,https://p16-sign-va.tiktokcdn.com/tos-maliva-avt-0068/9572cb5a15882e91083b4a4f5d90c3d7~c5_100x100.jpg?x-expires=1677060000&x-signature=cVvNucVrYzSKkc9xURbpX5BuIe0%3D,No,---,0
72,.,byaklv,https://www.tiktok.com/@byaklv,te amo,3-6-2020,,https://p16-sign-va.tiktokcdn.com/tos-maliva-avt-0068/a4d70cbead239268f244a488aeb86443~c5_100x100.jpg?x-expires=1677060000&x-signature=8K05ZW2IsrapMwvrHHNj4o6OmF8%3D,No,---,0
73,MaÃ«lle ğŸ«¶ğŸ»,unelennikimeuse,https://www.tiktok.com/@unelennikimeuse,Merci pour tout les messages que tu fais passer tu es le meilleur,3-6-2020,,https://p16-sign-va.tiktokcdn.com/tos-maliva-avt-0068/4baedb4ec9be5b95190bba94f0d20ab0~c5_100x100.jpg?x-expires=1677060000&x-signature=UY0IVlubNallGftveZoSTX4C1VE%3D,No,---,0
74,âœ° âœ° cam,cameliaxxs,https://www.tiktok.com/@cameliaxxs,ğŸ‘ŠğŸ»ğŸ‘ŠğŸ¼ğŸ‘ŠğŸ½ğŸ‘ŠğŸ¾ğŸ‘ŠğŸ¿ TOUS PAREIL,3-6-2020,,https://p16-sign-va.tiktokcdn.com/tos-maliva-avt-0068/5bd200b37954c5b8b0f72741d3c3aab8~c5_100x100.jpg?x-expires=1677060000&x-signature=ttlFN8G9CxJmiVFeKi%2B%2BycUeaII%3D,No,---,0
75,sachaâ€™â™¡,sachou.dct,https://www.tiktok.com/@sachou.dct,@K tac quoi,20-3-2022,,https://p16-sign-va.tiktokcdn.com/tos-maliva-avt-0068/55eb192b6fbd4917ca463a510f9f18cc~c5_100x100.jpg?x-expires=1677060000&x-signature=F7B%2B3BpcbySzTFMeFnARGS0S5Do%3D,No,---,0
76,Anya Nem,anyanem,https://www.tiktok.com/@anyanem,Ğ“Ñ€ÑƒÑÑ‚Ğ½Ğ¾ ğŸ¥º,16-6-2021,,https://p77-sign-sg.tiktokcdn.com/aweme/100x100/tos-alisg-avt-0068/ef55e67a4be2600bead827c75119005a.jpg?x-expires=1677060000&x-signature=qPQ8sdFlfzVZYddJnyjg9RBEeE0%3D,No,---,0
77,i âµ£,rbi_sasam,https://www.tiktok.com/@rbi_sasam,on est tous egaux.âœŠâœŠğŸ»âœŠğŸ¼âœŠğŸ½âœŠğŸ¾âœŠğŸ¿ pas de racisme pas de discriminations,20-3-2021,,https://p16-sign-va.tiktokcdn.com/tos-maliva-avt-0068/c80e1f34909ed254b0a25becdb2f7d08~c5_100x100.jpg?x-expires=1677060000&x-signature=civJZJYSoqwNI%2FumN8%2B3KJFUUdw%3D,No,---,0
78,ğŸ—£ï¸,_0..shut..up.._0,https://www.tiktok.com/@_0..shut..up.._0,":â—¢âœŠğŸ½â—£ã€€ã€€ã€€â—¢â¤â—£
âœŠğŸ½âœŠğŸ½âœŠğŸ½â—£ â—¢ğŸ§¡ğŸ§¡ğŸ§¡
â—¥âœŠğŸ¾âœŠğŸ¾âœŠğŸ¾ğŸ’›ğŸ’›ğŸ’›â—¤
ã€€â—¥âœŠğŸ¾âœŠğŸ¾ğŸ’šğŸ’šâ—¤
ã€€ã€€ â—¥âœŠğŸ¾ğŸ’™â—¤
ã€€ã€€ã€€ â—¥ â—¤",15-3-2021,,https://p16-sign-va.tiktokcdn.com/tos-maliva-avt-0068/c2cdc1b392855644ba352b5bb53b0f7f~c5_100x100.jpg?x-expires=1677060000&x-signature=eI6JF1vybNPamp2xvV8j7zpt3y0%3D,No,---,0
79,Lady Tremaine,callmeladytremaine,https://www.tiktok.com/@callmeladytremaine,on est tous pareil,31-1-2021,,https://p77-sign-va.tiktokcdn.com/tos-maliva-avt-0068/9ebe6c69eae7c60d4f5bb282c6d13710~c5_100x100.jpg?x-expires=1677060000&x-signature=RMzy6qmi5gqB2oz8xh2eYnfCC8I%3D,No,---,0
80,user5653053535118,monique.309,https://www.tiktok.com/@monique.309,OuiğŸ˜­,21-1-2021,,https://p16-sign-va.tiktokcdn.com/musically-maliva-obj/1594805258216454~c5_100x100.jpg?x-expires=1677060000&x-signature=gKhsBwjIoQolPz80ows5C7Jmc9E%3D,No,---,0
81,Loanaâ¤ï¸â¤ï¸Levanaâ¤ï¸â¤ï¸,lesbestsfriends96,https://www.tiktok.com/@lesbestsfriends96,Tu est mon chanter Preferer je conais toute tes musiques,22-12-2020,,https://p77-sign-va-lite.tiktokcdn.com/tos-maliva-avt-0068/1dae89a61c7943422398a671953b9076~c5_100x100.jpg?x-expires=1677060000&x-signature=ckb7BpxHcpqsF%2Fz7pbECyiEc5n8%3D,No,---,0
82,A,..eana,https://www.tiktok.com/@..eana,âœŠğŸ»âœŠğŸ¼âœŠğŸ½âœŠğŸ¾âœŠğŸ¿,24-11-2020,,https://p77-sign-va.tiktokcdn.com/tos-maliva-avt-0068/a092d881e36a8ca71213456df8247b8f~c5_100x100.jpg?x-expires=1677060000&x-signature=HybwtfE9GhvSAZGNQSHtotfaa6c%3D,No,---,0
83,ğŸÃ‰quitation2.0ğŸ,leakim__2.0,https://www.tiktok.com/@leakim__2.0,nous sommes tous pareils âœŠğŸ»âœŠğŸ¼âœŠğŸ½âœŠğŸ¾âœŠğŸ¿,20-9-2020,,https://p16-sign-va.tiktokcdn.com/tos-maliva-avt-0068/27334c3db348d3c0e3c02bed33e887bc~c5_100x100.jpg?x-expires=1677060000&x-signature=veCzTsUUoVLppbvD7Upw7ejLSnc%3D,No,---,0
84,user3977202457660,esterrikani,https://www.tiktok.com/@esterrikani,âœŠâœŠğŸ»âœŠğŸ¼âœŠğŸ½âœŠğŸ¾âœŠğŸ¿,30-8-2020,,https://p16-sign-va.tiktokcdn.com/musically-maliva-obj/5e680d8fa5d550ed3fd99737371fc93c~c5_100x100.jpg?x-expires=1677060000&x-signature=jqxweN2mNRZqVX5rfV9mD7Oq2Xw%3D,No,---,0
85,destiny ...crazy,destiny...crazy,https://www.tiktok.com/@destiny...crazy,ğŸ¤œğŸ»â¤ï¸ğŸ¤›ğŸ¾,18-8-2020,,https://p77-sign-va-lite.tiktokcdn.com/musically-maliva-obj/8a6573d5ecd703fb3df7b14717c0d973~c5_100x100.jpg?x-expires=1677060000&x-signature=OiRnjxudiYOVEUHaDQNQvEagnUI%3D,No,---,0
86,Anne-SoğŸ’…,_annesophiedorval,https://www.tiktok.com/@_annesophiedorval,âœŠâœŠğŸ»âœŠğŸ¼âœŠğŸ½âœŠğŸ¾âœŠğŸ¿,16-8-2020,,https://p16-sign-va.tiktokcdn.com/tos-maliva-avt-0068/15f7a9595dc9e3abef131cd184e7f2ec~c5_100x100.jpg?x-expires=1677060000&x-signature=beaQZFYyV1lgOygSOkdLGNv5q%2FE%3D,No,---,0
87,WAKANDAFOREVERğŸ¤ğŸ’œ,pointbreakwife_,https://www.tiktok.com/@pointbreakwife_,Nous sommes tous pareil,13-8-2020,,https://p77-sign-va.tiktokcdn.com/tos-maliva-avt-0068/402ea13fb833dede878299136d031726~c5_100x100.jpg?x-expires=1677060000&x-signature=NJUH5sqSNjAtY%2BfoBj%2B7q2EZDFw%3D,No,---,0
88,Elodie saint maxent,elodiecassandre,https://www.tiktok.com/@elodiecassandre,Jâ€™adore tâ€™est chansons,3-8-2020,,https://p16-sign-va.tiktokcdn.com/tos-maliva-avt-0068/9972b7999837a97b883026a97c196b00~c5_100x100.jpg?x-expires=1677060000&x-signature=9cho7Gfly1aL2ler5wwd8sefBSw%3D,No,---,0
89,ğŸ–¤ğ–ˆğ–ğ–‘ğ–”ğ–ŠğŸ–¤,citation....._1,https://www.tiktok.com/@citation....._1,âœŠğŸ»âœŠğŸ¼âœŠğŸ½âœŠğŸ¾âœŠğŸ¿âœŠ,31-7-2020,,https://p16-sign-va.tiktokcdn.com/tos-maliva-avt-0068/5150cd02dcba9c2a9ba878b98964b2e9~c5_100x100.jpg?x-expires=1677060000&x-signature=ky5P0zp%2Bki0QZaSNo9Qzo5KZyOk%3D,No,---,0
90,mâ€™ğŸ†,_.maelys._54,https://www.tiktok.com/@_.maelys._54,âœŠâœŠğŸ»âœŠğŸ¼âœŠğŸ½âœŠğŸ¾âœŠğŸ¿blacklivematter,28-7-2020,,https://p16-sign-va.tiktokcdn.com/tos-maliva-avt-0068/338d8226fa4212e9b34d8978928b022f~c5_100x100.jpg?x-expires=1677060000&x-signature=YmG5jB%2F%2BTYpm9F5ACTu8Zrf0bRc%3D,No,---,0
91,@tifaine_la best,tifaine_labest,https://www.tiktok.com/@tifaine_labest,on est tous Ã©gaux âœŠâœŠğŸ»âœŠğŸ¼âœŠğŸ½âœŠğŸ¾âœŠğŸ¿,25-7-2020,,https://p77-sign-va.tiktokcdn.com/tos-maliva-avt-0068/7a73303b7dceee0ebfaeb4b854b2a002~c5_100x100.jpg?x-expires=1677060000&x-signature=n7TnTQRC5m9HwHAbKx5ZtfPxAIE%3D,No,---,0
92,LÃ©a ğŸ˜—ğŸ’œ,jxte_leaaa_ninaaa,https://www.tiktok.com/@jxte_leaaa_ninaaa,Ont est tous pareil ğŸ‘ŠğŸ‘ŠğŸ»ğŸ‘ŠğŸ¼ğŸ‘ŠğŸ½ğŸ‘ŠğŸ¾ğŸ‘ŠğŸ¿,20-7-2020,,https://p77-sign-va-lite.tiktokcdn.com/tos-maliva-avt-0068/3e83b5226530b5464a3b0a9f1eed414f~c5_100x100.jpg?x-expires=1677060000&x-signature=nJ7FLZgHItskdhyl3f%2Bz8XGm%2FHE%3D,No,---,0
93,______ STAY_____ â™¡,hyunjininthebuildiing,https://www.tiktok.com/@hyunjininthebuildiing,âœŠğŸ»âœŠğŸ¼âœŠğŸ½âœŠğŸ¾âœŠğŸ¿,15-7-2020,,https://p16-sign-va.tiktokcdn.com/tos-maliva-avt-0068/17c10e80a5a9ef3b6c2e421194c353c1~c5_100x100.jpg?x-expires=1677060000&x-signature=CpU0nYXkvAzihrk7eNaCubrwKEM%3D,No,---,0
94,Lâ€™ âš¡ï¸,ln._med,https://www.tiktok.com/@ln._med,Totalement Ã§a (ce TikTok est passer Ã  la tÃ©lÃ© franÃ§aise),13-7-2020,,https://p77-sign-va.tiktokcdn.com/tos-maliva-avt-0068/cd9148c1a9187a4b9b5d36307774eb19~c5_100x100.jpg?x-expires=1677060000&x-signature=%2BbvTeZjqxrgKH5N8ol4Gbc1bCyM%3D,No,---,0
95,Vava,sxrvanx,https://www.tiktok.com/@sxrvanx,tous unis contre le racisme,5-7-2020,,https://p16-sign-va.tiktokcdn.com/tos-maliva-avt-0068/ae4f9270fc47011a0c2ce13d4e7466d6~c5_100x100.jpg?x-expires=1677060000&x-signature=ZS%2FjdZVCtmqxQb4xMoTVYb0mLgc%3D,No,---,0
96,Flavien ğŸ˜½,flavien_2806,https://www.tiktok.com/@flavien_2806,âœŠğŸ»âœŠğŸ¼âœŠğŸ½âœŠğŸ¾âœŠğŸ¿,1-7-2020,,https://p16-sign-va.tiktokcdn.com/tos-maliva-avt-0068/1b7a2f6a5a52fef19b7c5da579602bc3~c5_100x100.jpg?x-expires=1677060000&x-signature=1HuPgEjgCJ1PSgCLRjFX%2BG%2BTZIk%3D,No,---,0
97,Juju,juliettep17,https://www.tiktok.com/@juliettep17,âœŠğŸ»âœŠğŸ¼âœŠğŸ½âœŠğŸ¾âœŠğŸ¿,30-6-2020,,https://p77-sign-va.tiktokcdn.com/tos-maliva-avt-0068/963f795b090431e42e2d0d23e8b59534~c5_100x100.jpg?x-expires=1677060000&x-signature=1mw64du3xLthnWT1Id9ZGS5j8rc%3D,No,---,0
98,CamÃ©lia,c.a.m.e.l.i.a17,https://www.tiktok.com/@c.a.m.e.l.i.a17,c au Canada ?,28-6-2020,,https://p16-sign-va.tiktokcdn.com/tos-maliva-avt-0068/0c1ec27d4334efc65e950e45bcc95beb~c5_100x100.jpg?x-expires=1677060000&x-signature=gOBoKg57CHhQUpfhm5oZKEuK6Z8%3D,No,---,0
99,maelle.,ggg.maell,https://www.tiktok.com/@ggg.maell,âœŠğŸ¿âœŠğŸ¾âœŠğŸ½âœŠğŸ¼âœŠğŸ»,27-6-2020,,https://p16-sign-va.tiktokcdn.com/tos-maliva-avt-0068/d0c262115d355ab33452e927082fa659~c5_100x100.jpg?x-expires=1677060000&x-signature=hGsSMTOAamxK2l%2FKblZH1%2F44AJg%3D,No,---,0
100,Margotelabiscotte,labiscottedu71,https://www.tiktok.com/@labiscottedu71,Il sont en colÃ¨re contre les pompiers ??,27-6-2020,,https://p77-sign-va-lite.tiktokcdn.com/musically-maliva-obj/15103ad88401282fb61f6d96f744502a~c5_100x100.jpg?x-expires=1677060000&x-signature=G0HBd2tyW%2BYKGiF9rB74vU9MtPg%3D,No,---,0
101,<3,emylry_,https://www.tiktok.com/@emylry_,Nn au racisme âœŠğŸ»âœŠğŸ¼âœŠğŸ½âœŠğŸ¾âœŠğŸ¿like se commantaire si tes d'accord avec moi,26-6-2020,,https://p16-sign-va.tiktokcdn.com/tos-maliva-avt-0068/1e8854c008db171d13658e8ada525cb0~c5_100x100.jpg?x-expires=1677060000&x-signature=5eduFc1yHuc%2BV3DMQhUO5BsBlPg%3D,No,---,0
102,louna,lounasancho2,https://www.tiktok.com/@lounasancho2,ses vrai ou pas que ta eu le corona,19-6-2020,,https://p16-sign-va.tiktokcdn.com/tos-maliva-avt-0068/ff05061c3efed6358f0e439f366524c0~c5_100x100.jpg?x-expires=1677060000&x-signature=zpKQjRIGgsap7XkEps75H7fOxGA%3D,No,---,0
103,Sulivanâ¤,sulivangwed_._,https://www.tiktok.com/@sulivangwed_._,âœŠâœŠğŸ»âœŠğŸ¼âœŠğŸ¼âœŠğŸ¿âœŠğŸ¿,16-6-2020,,https://p16-sign-va.tiktokcdn.com/musically-maliva-obj/d2ae8a842f81e3adea714ad5b60e43ce~c5_100x100.jpg?x-expires=1677060000&x-signature=IMCqdnCK6oXrY%2FBGp1s2QI1SjyM%3D,No,---,0
104,Cricri Marie Jo,cricrimariejo,https://www.tiktok.com/@cricrimariejo,âœŠâœŠâœŠâœŠâœŠâœŠ,12-6-2020,,https://p16-sign-va.tiktokcdn.com/musically-maliva-obj/1663980735430678~c5_100x100.jpg?x-expires=1677060000&x-signature=MRNGI%2BIGYbq3hr8RAZARolxaZS4%3D,No,---,0
105,ALI,topgiderali,https://www.tiktok.com/@topgiderali,on n'est lÃ  vous s'inquiÃ©ter pas,10-6-2020,,https://p16-sign-va.tiktokcdn.com/tos-maliva-avt-0068/0c6e9a2b9c961cfe3dfa2daf9441937a~c5_100x100.jpg?x-expires=1677060000&x-signature=H%2BnYm6gqsX0yLPIk9woEAf0W1YA%3D,No,---,0
106,á›¤ ğ•·ğ–”ğ–‘ğ–† á›¤,lola_csimple,https://www.tiktok.com/@lola_csimple,J'ai vu au info que des policier ce sont fait tuer par des gens parce qu'un homme assez connu lÃ -bas avait dis:,10-6-2020,,https://p77-sign-va.tiktokcdn.com/tos-maliva-avt-0068/f738d0e2b22436ae523800a07a76d718~c5_100x100.jpg?x-expires=1677060000&x-signature=9PBiTvhOOkXNCcSH47PNLsYDiP8%3D,No,---,1
107,á›¤ ğ•·ğ–”ğ–‘ğ–† á›¤,lola_csimple,https://www.tiktok.com/@lola_csimple,"""Nous avons le droit de tuer ceux qui nous tue""ou un truc comme Ã§a et en plus lÃ -bas ils prÃ©voient mÃªme de sÃ©parer les continents amÃ©ricains genre:â—½/â—¾",10-6-2020,,https://p77-sign-va.tiktokcdn.com/tos-maliva-avt-0068/f738d0e2b22436ae523800a07a76d718~c5_100x100.jpg?x-expires=1677060000&x-signature=9PBiTvhOOkXNCcSH47PNLsYDiP8%3D,Yes,á›¤ ğ•·ğ–”ğ–‘ğ–† á›¤,0
108,Judithâ€™ ğŸ§,_06h04_,https://www.tiktok.com/@_06h04_,âœŠğŸ»âœŠğŸ¼âœŠğŸ½âœŠğŸ¾âœŠğŸ¿â¤ï¸,10-6-2020,,https://p77-sign-va.tiktokcdn.com/tos-maliva-avt-0068/1c8341d0eefb3a7e1154fd919e8d1936~c5_100x100.jpg?x-expires=1677060000&x-signature=hqXCnobpRUJIfGpUGFDYAOOIBi0%3D,No,---,0
109,Tif_ene,tif_ene,https://www.tiktok.com/@tif_ene,ses ou tu habite?,7-6-2020,,https://p16-sign-va.tiktokcdn.com/tos-maliva-avt-0068/0f935e0685d05efad2fb72fb31922ece~c5_100x100.jpg?x-expires=1677060000&x-signature=5PIsTiMve1rTd3kbLwkKVXVzXUM%3D,No,---,0
110,Vivian_Diggory,viripetra_multi,https://www.tiktok.com/@viripetra_multi,âœŠğŸ»âœŠğŸ¼âœŠğŸ½âœŠğŸ¾âœŠğŸ¿,6-6-2020,,https://p16-sign-va.tiktokcdn.com/tos-maliva-avt-0068/0ed1136785dcf101f30e079e65629dfc~c5_100x100.jpg?x-expires=1677060000&x-signature=gTudfYgyGLL8TJDwW0ZsbSgGQZI%3D,No,---,0
111,user9781757463057,user074866413,https://www.tiktok.com/@user074866413,â™¥ ğŸ¤—,6-6-2020,,https://p16-sign-va.tiktokcdn.com/musically-maliva-obj/f3253af2d82c506d1b9b4e4361c900a4~c5_100x100.jpg?x-expires=1677060000&x-signature=6HMFbSuNrBXTnNBLj2GGaLsnTuQ%3D,No,---,0
112,Â¿ğ‘ğ‘’ğ‘™ğ‘–ğ‘?,cel..1aa,https://www.tiktok.com/@cel..1aa,sinon tous Ã©gaux !âœŠğŸ»âœŠğŸ¼âœŠğŸ½âœŠğŸ¾âœŠğŸ¿,6-6-2020,,https://p16-sign-va.tiktokcdn.com/tos-maliva-avt-0068/dc38fa93d867b2bcb3fa9db2c34c3268~c5_100x100.jpg?x-expires=1677060000&x-signature=ohZT8oLWIkPOk47js5frzomm7R4%3D,No,---,0
113,nanaa,naanaas31,https://www.tiktok.com/@naanaas31,âœŠâœŠğŸ»âœŠğŸ¼âœŠğŸ½âœŠğŸ¿âœŠğŸ¾,6-6-2020,,https://p77-sign-va.tiktokcdn.com/musically-maliva-obj/1665430101308422~c5_100x100.jpg?x-expires=1677060000&x-signature=ofjknWViS4REgA%2FqysDxaevWZhM%3D,No,---,0
114,lorie,loriie_,https://www.tiktok.com/@loriie_,@lxuise.vms c'est bg au Ã©tat Unis surtout les fumigÃ¨ne,5-6-2020,,https://p16-sign-va.tiktokcdn.com/tos-maliva-avt-0068/840356e0ad800c5d765bbec5c3643264~c5_100x100.jpg?x-expires=1677060000&x-signature=pGoPeH%2BfnRzp8BJhqVefJg2TS1A%3D,No,---,2
115,lueesğŸ¥·ğŸ»,1u2es,https://www.tiktok.com/@1u2es,de fou si yâ€™en a une Ã  cherbourg on y va ouesh,5-6-2020,,https://p16-sign-va.tiktokcdn.com/tos-maliva-avt-0068/67d957a27cd41c85471c2542ef1b0f01~c5_100x100.jpg?x-expires=1677060000&x-signature=DUb66Hyp9XA09lzoB%2BY%2BUmXgpF4%3D,Yes,lorie,0
116,lorie,loriie_,https://www.tiktok.com/@loriie_,ii,5-6-2020,,https://p16-sign-va.tiktokcdn.com/tos-maliva-avt-0068/840356e0ad800c5d765bbec5c3643264~c5_100x100.jpg?x-expires=1677060000&x-signature=pGoPeH%2BfnRzp8BJhqVefJg2TS1A%3D,Yes,lorie,0
117,â¤,madi_7813,https://www.tiktok.com/@madi_7813,âœŠâœŠâœŠâœŠâœŠâœŠâœŠâœŠâœŠâœŠâœŠâœŠâœŠâœŠ,5-6-2020,,https://p77-sign-va.tiktokcdn.com/tos-maliva-avt-0068/99ba2ec05e2cbc891ede2f9cf67d7e2a~c5_100x100.jpg?x-expires=1677060000&x-signature=hceibdEcSrrtvVemPVnXqTYVIoM%3D,No,---,0
118,tâ€™ğŸ‡«ğŸ‡·ğŸ‡§ğŸ‡·ğŸ‡¬ğŸ‡«,https_th4ys,https://www.tiktok.com/@https_th4ys,mais nous somme tous pareil il y a bien des crayon de couleur de couleur difÃ©rante mais sa reste un crayon ba pourquoi on fait pas sa avec un humain ?,5-6-2020,,https://p16-sign-va.tiktokcdn.com/tos-maliva-avt-0068/b629a44f12af647e27ac45c88f69882e~c5_100x100.jpg?x-expires=1677060000&x-signature=wGPdVSal%2BOrF28aL0eWrXdMW%2B%2Fg%3D,No,---,0
119,Sib +Jos = jumelleâ¤,sundysib,https://www.tiktok.com/@sundysib,Hey Lenni tu Ã©tait oÃ¹ Ã  se moment la ?,5-6-2020,,https://p16-sign-va.tiktokcdn.com/musically-maliva-obj/ac5166b7cc70be89029edd1697a85a2d~c5_100x100.jpg?x-expires=1677060000&x-signature=IJITD2wnFgKIzyOiVVcJ71xQHMs%3D,No,---,0
120,.,user922929114,https://www.tiktok.com/@user922929114,âœŠâœŠğŸ»âœŠğŸ¼âœŠğŸ½âœŠğŸ¾âœŠğŸ¿nous sommes tous pareil,5-6-2020,,https://p16-sign-va.tiktokcdn.com/tos-maliva-avt-0068/8cb4eca7082eacb2decffbc16712c8c5~c5_100x100.jpg?x-expires=1677060000&x-signature=poo3N7d8fOdOFYnLN01Sf1Xl3EM%3D,No,---,0
121,ariana grande âœ¨& Justin Bieber,lesbiebers,https://www.tiktok.com/@lesbiebers,est ce que tu Ã©tait la bas ?,4-6-2020,,https://p16-sign-va.tiktokcdn.com/musically-maliva-obj/22c8e8b1fb9f22cbb77d327a45e1ea61~c5_100x100.jpg?x-expires=1677060000&x-signature=FLModf15ZU%2BhOVP0wpEbyaEfD94%3D,No,---,0
122,ğ“œ & ğ“œ â€™ ğŸ¤°ğŸ»,medina_malyson,https://www.tiktok.com/@medina_malyson,ğ‘¾ğ‘¬ âœŠğŸ»ğ‘¨ğ‘¹ğ‘¬ âœŠğŸ¼ ğ‘»ğ‘¯ğ‘¬ âœŠğŸ¾ ğ‘¨ğ‘´ğ‘¬ âœŠğŸ¿ NOUS SOMMES TOUS PAREIL,4-6-2020,,https://p16-sign-va.tiktokcdn.com/tos-maliva-avt-0068/25927a57fd56f2b730b606d74d667f3e~c5_100x100.jpg?x-expires=1677060000&x-signature=8VVXT3aNgeJ%2BRQG%2Fp3xNeVn%2B71A%3D,No,---,0
123,oceane_.vl,oceane_.vl,https://www.tiktok.com/@oceane_.vl,âœŠğŸ»âœŠğŸ¼âœŠğŸ½âœŠğŸ¾âœŠğŸ¿â¤ï¸,4-6-2020,,https://p16-sign-va.tiktokcdn.com/tos-maliva-avt-0068/cb20ab09d6d7e8b875d8283cb8805735~c5_100x100.jpg?x-expires=1677060000&x-signature=%2FYqfZ%2FH43o5ZSE0yDi3bAD9t5lk%3D,No,---,0
124,yasğŸ’•,yasminahcm,https://www.tiktok.com/@yasminahcm,âœŠğŸ»âœŠğŸ¼âœŠğŸ½âœŠğŸ¾âœŠğŸ¿,4-6-2020,,https://p77-sign-va.tiktokcdn.com/tos-maliva-avt-0068/5bc0fa83555ab502838e865686b11a50~c5_100x100.jpg?x-expires=1677060000&x-signature=OA0qMpXDthoXcUJol2AXU8AQ5wM%3D,No,---,0
125,âœ,sisi_19884,https://www.tiktok.com/@sisi_19884,âœŠğŸ½âœŠğŸ¼âœŠğŸ¾âœŠâœŠğŸ»,4-6-2020,,https://p16-sign-va.tiktokcdn.com/tos-maliva-avt-0068/b95c30e2a92c1d4c6a9e1928da246169~c5_100x100.jpg?x-expires=1677060000&x-signature=2NIJG3Y%2BCSkwajicKyNkAIdZCOQ%3D,No,---,0
126,OcÃ©ane louloute,oceane.lenni,https://www.tiktok.com/@oceane.lenni,on est avec vous âœŠğŸ»âœŠğŸ¾ğŸ¤šğŸ»ğŸ‘ŠğŸ¿,4-6-2020,,https://p16-sign-va.tiktokcdn.com/musically-maliva-obj/2cd4e73054a707072af3b34a2720021e~c5_100x100.jpg?x-expires=1677060000&x-signature=l7E8qBM5b%2BM5x2ClIstzJP1Hefg%3D,No,---,0
127,Lina,lina_ldy,https://www.tiktok.com/@lina_ldy,Nous sommes tous Ã©gaux !,4-6-2020,,https://p16-sign-va.tiktokcdn.com/tos-maliva-avt-0068/c3d61e2b4c5843ecde8b7c1155136178~c5_100x100.jpg?x-expires=1677060000&x-signature=M49%2BsE7C5vDwPWnUQueY3wT9K2g%3D,No,---,0
128,EmmağŸ¤™ğŸ½âš½ï¸,emma94500,https://www.tiktok.com/@emma94500,@myriame94500 il est parti manifester alors la je suis Ã©mu ğŸ˜­ğŸ€,4-6-2020,,https://p16-sign-va.tiktokcdn.com/tos-maliva-avt-0068/725a93052727f3558c49bd95edd3c8fa~c5_100x100.jpg?x-expires=1677060000&x-signature=8w93uh82msRxYOZmrJM%2BK74HUsA%3D,No,---,0
129,Clarisse.OrrÃ©,kawaii0o07,https://www.tiktok.com/@kawaii0o07,ğ‘¾ğ‘¬ âœŠğŸ» ğ‘¨ğ‘¹ğ‘¬ âœŠğŸ¼ ğ‘»ğ‘¯ğ‘¬ âœŠğŸ¾ ğ‘ºğ‘¨ğ‘´ğ‘¬,4-6-2020,,https://p16-sign-va.tiktokcdn.com/tos-maliva-avt-0068/09477a08205228b73dd1596dd97674f2~c5_100x100.jpg?x-expires=1677060000&x-signature=X21xFielUmd9meKQlScFoiz3Ccs%3D,No,---,0
130,nzhs,usershy281,https://www.tiktok.com/@usershy281,âœŠğŸ»âœŠğŸ¾âœŠğŸ¿ğŸ™ğŸ¼â¤ï¸,4-6-2020,,https://p77-sign-va.tiktokcdn.com/tos-maliva-avt-0068/1bcdf879056f19abbf2909c3428e3350~c5_100x100.jpg?x-expires=1677060000&x-signature=yYa%2FDGu%2FDpkZSv5g0zp59NQUuQ8%3D,No,---,0
131,Lilyâ™¡,lily.rldd,https://www.tiktok.com/@lily.rldd,âœŠğŸ»âœŠğŸ¼âœŠğŸ½âœŠğŸ¾âœŠğŸ¿â¤ï¸,4-6-2020,,https://p16-sign-va.tiktokcdn.com/tos-maliva-avt-0068/15ca2764f6faf99542ca657a536f5a24~c5_100x100.jpg?x-expires=1677060000&x-signature=HhxrGGi8AaZz%2FmlIHMVWcCo5Mxo%3D,No,---,0
132,Emmaâ¤ï¸,ladybird9412,https://www.tiktok.com/@ladybird9412,âœŠâœŠğŸ»âœŠğŸ¼âœŠğŸ½âœŠğŸ¾âœŠğŸ¿,4-6-2020,,https://p16-sign-sg.tiktokcdn.com/aweme/100x100/tos-alisg-avt-0068/8648567342aff93255a0ddc77751bc28.jpg?x-expires=1677060000&x-signature=9mLHz%2BFcGqTMADmR4uUETeyWqAk%3D,No,---,0
133,ninaa,nina_drlt,https://www.tiktok.com/@nina_drlt,âœŠâœŠğŸ»âœŠğŸ¼âœŠğŸ½âœŠğŸ¾âœŠğŸ¿,4-6-2020,,https://p16-sign-va.tiktokcdn.com/tos-maliva-avt-0068/33c9e84dbc10798c24d2469f5a6d1cd6~c5_100x100.jpg?x-expires=1677060000&x-signature=OgiGHpsc%2BsQo80oxIeV7YkU%2FdHQ%3D,No,---,0
134,chloe,chloepcq,https://www.tiktok.com/@chloepcq,âœŠğŸ»âœŠğŸ¼âœŠğŸ½âœŠğŸ¾âœŠğŸ¿,4-6-2020,,https://p16-sign-va.tiktokcdn.com/tos-maliva-avt-0068/c33367d7c0c87a2f00edd372c9adca30~c5_100x100.jpg?x-expires=1677060000&x-signature=XUzSYBDLkwacecSzBnuE9U3i6Zk%3D,No,---,0
135,fan de Lou â¤,justfandelou,https://www.tiktok.com/@justfandelou,âœŠğŸ¿âœŠğŸ¾âœŠğŸ½âœŠğŸ¼âœŠğŸ»,4-6-2020,,https://p16-sign-sg.tiktokcdn.com/aweme/100x100/tos-alisg-avt-0068/57ab8a25d5fa2a84d615376a86e48f6a.jpg?x-expires=1677060000&x-signature=3tBbSa2Ifcz7GwRZdrcCuQyH5ZM%3D,No,---,0
136,LeÂª ğŸ‘©ğŸ»â€ğŸ¦¯,lealucee,https://www.tiktok.com/@lealucee,ğŸ‘ŠğŸ‘ŠğŸ»ğŸ‘ŠğŸ¼ğŸ‘ŠğŸ½ğŸ‘ŠğŸ¾ğŸ‘ŠğŸ¿,4-6-2020,,https://p77-sign-va.tiktokcdn.com/tos-maliva-avt-0068/cbfc27155d77a1c5bc53f8fcc468cbb1~c5_100x100.jpg?x-expires=1677060000&x-signature=SjqqSYTNgZeTD3uMEHmxhvlPfF4%3D,No,---,0
137,gloubb,elounettes,https://www.tiktok.com/@elounettes,ğŸ‘ŠğŸ‘ŠğŸ»ğŸ‘ŠğŸ¼ğŸ‘ŠğŸ½ğŸ‘ŠğŸ¾ğŸ‘ŠğŸ¿âœŠğŸ¿âœŠğŸ¾âœŠğŸ½âœŠğŸ¼âœŠğŸ»âœŠ,4-6-2020,,https://p77-sign-va.tiktokcdn.com/musically-maliva-obj/1650980439955462~c5_100x100.jpg?x-expires=1677060000&x-signature=LVNvTBSBTijl18b8AA3v66lUfGc%3D,No,---,0
138,âœï¸,wattpco4alie,https://www.tiktok.com/@wattpco4alie,âœŠâœŠğŸ¼âœŠğŸ½âœŠğŸ¾âœŠğŸ¿,4-6-2020,,https://p77-sign-va.tiktokcdn.com/tos-maliva-avt-0068/07df090cf568c7bc83afcf389910c96b~c5_100x100.jpg?x-expires=1677060000&x-signature=S2Tth6HMV%2Bg5TFehov2gkOG0TDY%3D,No,---,0
139,Mymie,mymie_128,https://www.tiktok.com/@mymie_128,âœŠâœŠğŸ»âœŠğŸ¼âœŠğŸ½âœŠğŸ¾âœŠğŸ¿â¤,4-6-2020,,https://p16-sign-va.tiktokcdn.com/tos-maliva-avt-0068/e40dd7f20a59b89bd03f530e12874701~c5_100x100.jpg?x-expires=1677060000&x-signature=GNWgOR4xO7lq5hQrbAIMEztyQP8%3D,No,---,0
140,Manon,manon_dmn1,https://www.tiktok.com/@manon_dmn1,âœŠğŸ»âœŠğŸ½âœŠğŸ¾âœŠğŸ¿,4-6-2020,,https://p16-sign-va.tiktokcdn.com/tos-maliva-avt-0068/e947cd6bb4d611efe76a1c46c8bde432~c5_100x100.jpg?x-expires=1677060000&x-signature=EnL8Ga8GPg9%2FlwzbQn48eNF8Ys0%3D,No,---,0
141,Ayaâ¤ï¸,_aya_n_e,https://www.tiktok.com/@_aya_n_e,âœŠğŸ»âœŠğŸ¼âœŠğŸ½âœŠğŸ¾âœŠğŸ¿ personnes nâ€™est diffÃ©rent ptn,4-6-2020,,https://p16-sign-va.tiktokcdn.com/tos-maliva-avt-0068/acd935fe4034fc005274ca2bcd3081a5~c5_100x100.jpg?x-expires=1677060000&x-signature=rvMb911rjqP9ekfUtwe2TIb9sKs%3D,No,---,0
142,Marie Ascoet,marieascoet,https://www.tiktok.com/@marieascoet,nous sommes tous egaux â¤,4-6-2020,,https://p16-sign-va.tiktokcdn.com/tos-maliva-avt-0068/9d977232e49a480f9ff83bb39003b774~c5_100x100.jpg?x-expires=1677060000&x-signature=li8xmKgjkJan2Ga8Lx4DnP5SkeU%3D,No,---,0
143,shayan_mbr,shayan_mbrk,https://www.tiktok.com/@shayan_mbrk,Non au racisme et oui Ã  l'amour,4-6-2020,,https://p16-sign-va.tiktokcdn.com/tos-maliva-avt-0068/85ed595a5e4f79e42266f33645aa9d51~c5_100x100.jpg?x-expires=1677060000&x-signature=lvS%2BseBxtMtNFksQAY6Dwg0VE60%3D,No,---,0
144,eugenie ğŸ’’,eugenie_lse,https://www.tiktok.com/@eugenie_lse,âœŠâœŠğŸ»âœŠğŸ¼âœŠğŸ½âœŠğŸ¾âœŠğŸ¿,4-6-2020,,https://p16-sign-va.tiktokcdn.com/tos-maliva-avt-0068/ee68c82e6ba9642cf21cd9b50bb16b24~c5_100x100.jpg?x-expires=1677060000&x-signature=L3OWkYD6V99XhILC5Pk%2FE1o9ils%3D,No,---,0
145,ğŸ˜œ,emehlwat,https://www.tiktok.com/@emehlwat,Cependant ne vous retournez pas tous contre les policiers pour la faute d'un seul,4-6-2020,,https://p16-sign-va.tiktokcdn.com/tos-maliva-avt-0068/fccf1b7474af1e01ded9c39fcc121c7a~c5_100x100.jpg?x-expires=1677060000&x-signature=%2FUmQX7pB1HlHDtLoeegTCtRFFpA%3D,No,---,0
146,thithiâœ¨ğŸ¤,slay.merci,https://www.tiktok.com/@slay.merci,Tous unis âœŠğŸ»âœŠğŸ¼âœŠğŸ½âœŠğŸ¾âœŠğŸ¿,4-6-2020,,https://p77-sign-va.tiktokcdn.com/tos-maliva-avt-0068/8e697a1b77dbbafe91790f71f0d08b0e~c5_100x100.jpg?x-expires=1677060000&x-signature=lKS4q5Fq04gcdChiQ0sKYAR%2BstY%3D,No,---,0
147,ğŸ”¥ğŸ–¤xoxo-k.o-ğŸ–¤ğŸ”¥,_kelly_x0x0,https://www.tiktok.com/@_kelly_x0x0,âœŠâœŠğŸ»âœŠğŸ¼âœŠğŸ½âœŠğŸ¾âœŠğŸ¿ğŸ˜ğŸ˜ğŸ˜ğŸ˜ğŸ˜â¤â¤â¤ğŸ’”ğŸ’”ğŸ’”ğŸ’”,4-6-2020,,https://p16-sign-va.tiktokcdn.com/musically-maliva-obj/d51fe43f578d94e9cac730e14bebde36~c5_100x100.jpg?x-expires=1677060000&x-signature=%2FnrVUwyV5siGnUF0clcNjY5oDYk%3D,No,---,0
148,yasmine,_.y4smin3._,https://www.tiktok.com/@_.y4smin3._,âœŠğŸ»âœŠğŸ¼âœŠğŸ½âœŠğŸ¿,4-6-2020,,https://p16-sign-va.tiktokcdn.com/tos-maliva-avt-0068/cc980268e67e64d4c1cf835fb24bf4c9~c5_100x100.jpg?x-expires=1677060000&x-signature=xwcYx6vhwXTDW0GlWHG5t48jNJA%3D,No,---,0
149,ThÃ©mi$,themis_nrnck,https://www.tiktok.com/@themis_nrnck,"a l exterier on est peut etre pas pareille mais a l unterieur on est pareilleâœŠâœŠğŸ»âœŠğŸ¼âœŠğŸ½âœŠğŸ¾âœŠğŸ¿ on est humain les gensâ™¡
je t aime lenni t le mailleurâ¤",4-6-2020,,https://p16-sign-va.tiktokcdn.com/tos-maliva-avt-0068/5644a6b8d59258f0394b9824a2d016cc~c5_100x100.jpg?x-expires=1677060000&x-signature=Uwf6SPZKTOZVu4Z%2FYgZIOU%2FpOaw%3D,No,---,0
150,manon ğŸ’,manon_.br,https://www.tiktok.com/@manon_.br,âœŠğŸ»âœŠğŸ¼âœŠğŸ½âœŠğŸ¾âœŠğŸ¿ğŸ–¤,4-6-2020,,https://p16-sign-va.tiktokcdn.com/tos-maliva-avt-0068/d8a78f20aba824b66d32f2d190db4bad~c5_100x100.jpg?x-expires=1677060000&x-signature=Op%2F3rPWFzS8Wb0JVJHV%2FW8UgcGs%3D,No,---,0
151,Clara David,claradavid07,https://www.tiktok.com/@claradavid07,ğŸ™ğŸ™ğŸ™,3-6-2020,,https://p16-sign-va.tiktokcdn.com/tos-maliva-avt-0068/5b31700a140f70a2f860095283b84587~c5_100x100.jpg?x-expires=1677060000&x-signature=xgCjg6I%2FRQ5L3eEPX9BJ%2BG9C%2Bqw%3D,No,---,0
152,Kiki__ka,kiki__ka,https://www.tiktok.com/@kiki__ka,todos unidos somos mÃ¡s,3-6-2020,,https://p16-sign-va.tiktokcdn.com/tos-maliva-avt-0068/f3e7db954f167c18c91d11ef703dfcca~c5_100x100.jpg?x-expires=1677060000&x-signature=2Wsf4fvQBZgs%2FwQsrYJtOgGteho%3D,No,---,0
153,Milagros ğŸ’œ,soy_milyc,https://www.tiktok.com/@soy_milyc,âœŠğŸ¼âœŠğŸ¿âœŠğŸ½âœŠğŸ¾âœŠğŸ»âœŠ,3-6-2020,,https://p77-sign-va.tiktokcdn.com/tos-maliva-avt-0068/5fb31d49509b03a3f0feb0c4130d5586~c5_100x100.jpg?x-expires=1677060000&x-signature=gnOOp7VWMS8rq%2BeIJzXkZbWsl%2BI%3D,No,---,0
154,ğŸ ğŸˆ,cncowner_gi,https://www.tiktok.com/@cncowner_gi,âœŠğŸ¿âœŠğŸ¾âœŠğŸ½âœŠğŸ¼âœŠğŸ»,3-6-2020,,https://p77-sign-va.tiktokcdn.com/tos-maliva-avt-0068/ab5243f89eb610ce28e5036b93bdefaa~c5_100x100.jpg?x-expires=1677060000&x-signature=SfXyJBfFJfbfs3zr82QWNd4Cw7g%3D,No,---,0
155,Mâˆ†N0N,man0yjs,https://www.tiktok.com/@man0yjs,âœŠğŸ¼âœŠğŸ½âœŠğŸ¾,3-6-2020,,https://p77-sign-va.tiktokcdn.com/tos-maliva-avt-0068/c981bef3e0cc2db157534c4c8cdcbb27~c5_100x100.jpg?x-expires=1677060000&x-signature=06DYqZYZ2fUzytTDO%2B%2BJLyawUdQ%3D,No,---,0
156,choupette AnaÃ¯s,anaisdecachareldu01,https://www.tiktok.com/@anaisdecachareldu01,âœŠâœŠğŸ»âœŠğŸ¼âœŠğŸ½âœŠğŸ¾âœŠğŸ¿,3-6-2020,,https://p77-sign-va.tiktokcdn.com/tos-maliva-avt-0068/6cebccbbaa624c89d45fe5e4b0f39702~c5_100x100.jpg?x-expires=1677060000&x-signature=xs4TkoGVdJQJawrYF9MAdN1qULw%3D,No,---,0
157,zyne Ben cheikh,zynetorr,https://www.tiktok.com/@zynetorr,on est pareil il n y a pas de difference entre nous tous,3-6-2020,,https://p16-sign-va.tiktokcdn.com/musically-maliva-obj/a005681b33b272ccbff561f2ff92a31d~c5_100x100.jpg?x-expires=1677060000&x-signature=uZZrQHy4f%2FJ3YMSwsxivl0AFJbk%3D,No,---,0
158,Hey03529528925629282538,hey.its.me699,https://www.tiktok.com/@hey.its.me699,âœŠğŸ¿âœŠğŸ¾âœŠğŸ½âœŠğŸ½âœŠğŸ¼âœŠğŸ»,3-6-2020,,https://p77-sign-va.tiktokcdn.com/tos-maliva-avt-0068/8c9d97840538a23cd228ed51eb7507c7~c5_100x100.jpg?x-expires=1677060000&x-signature=g4fKD4S9pZE9C3GRuvkR2z7FhMM%3D,No,---,0
159,âœ¨ alexia âœ¨,juste_la_alexia,https://www.tiktok.com/@juste_la_alexia,notre couleur de peau ne nous rend pas diffÃ©rent des autres nous somme tous pareil â¤â¤,3-6-2020,,https://p16-sign-va.tiktokcdn.com/tos-maliva-avt-0068/22ad71e39c7a55921024ea57f04a56ea~c5_100x100.jpg?x-expires=1677060000&x-signature=Sws%2Bssd89PWi0avyjUgSTYm9pUc%3D,No,---,0
160,ğŸ¥±,supprime________,https://www.tiktok.com/@supprime________,âœŠğŸ»âœŠğŸ¼âœŠğŸ½âœŠğŸ¾âœŠğŸ¿ğŸ–¤,3-6-2020,,https://p16-sign-sg.tiktokcdn.com/aweme/100x100/tos-alisg-avt-0068/6f92d073f550b737ddc0de2b24115940.jpg?x-expires=1677060000&x-signature=OmK3KMMflbTVP1hmyfvStViso%2BM%3D,No,---,0
161,ainhoaromarizescolar,ainhoaromarizesco,https://www.tiktok.com/@ainhoaromarizesco,ğŸ‘ŠğŸ»ğŸ‘ŠğŸ¾ğŸ‘ŠğŸ½ğŸ‘ŠğŸ¼ğŸ‘ŠğŸ‘ŠğŸ¿,3-6-2020,,https://p16-sign-va.tiktokcdn.com/musically-maliva-obj/1658642873375749~c5_100x100.jpg?x-expires=1677060000&x-signature=hmlZg7bZ%2BPsWQYIe%2Bn2M5KPd1hY%3D,No,---,0
162,lennikim__fanpage by Mireille,lennikim__fanpage,https://www.tiktok.com/@lennikim__fanpage,ğŸ’ªğŸ’ªğŸ»ğŸ’ªğŸ¼ğŸ’ªğŸ½ğŸ’ªğŸ¾ğŸ’ªğŸ¿,3-6-2020,,https://p77-sign-va.tiktokcdn.com/tos-maliva-avt-0068/4fbe1f244a0caf69f392599806826194~c5_100x100.jpg?x-expires=1677060000&x-signature=KcaUKfXvtC4kOKNctzmfrcZVnE8%3D,No,---,0
163,lennikim__fanpage by Mireille,lennikim__fanpage,https://www.tiktok.com/@lennikim__fanpage,ğŸ¤ğŸ¤ğŸ»ğŸ¤ğŸ¼ğŸ¤ğŸ½ğŸ¤ğŸ¾ğŸ¤ğŸ¿,3-6-2020,,https://p77-sign-va.tiktokcdn.com/tos-maliva-avt-0068/4fbe1f244a0caf69f392599806826194~c5_100x100.jpg?x-expires=1677060000&x-signature=KcaUKfXvtC4kOKNctzmfrcZVnE8%3D,No,---,0
164,lennikim__fanpage by Mireille,lennikim__fanpage,https://www.tiktok.com/@lennikim__fanpage,âœŠâœŠğŸ»âœŠğŸ¼âœŠğŸ½âœŠğŸ¾âœŠğŸ¿,3-6-2020,,https://p77-sign-va.tiktokcdn.com/tos-maliva-avt-0068/4fbe1f244a0caf69f392599806826194~c5_100x100.jpg?x-expires=1677060000&x-signature=KcaUKfXvtC4kOKNctzmfrcZVnE8%3D,No,---,0
165,Mireille,mireille_officielle,https://www.tiktok.com/@mireille_officielle,âœŠâœŠğŸ»âœŠğŸ¼âœŠğŸ½âœŠğŸ¾âœŠğŸ¿,3-6-2020,,https://p16-sign-va.tiktokcdn.com/tos-maliva-avt-0068/8255cbff81008786d3a32293ad164013~c5_100x100.jpg?x-expires=1677060000&x-signature=IxgzZ3VLcfi0tvO6Ic2AzKEQO1I%3D,No,---,0
166,Mireille,mireille_officielle,https://www.tiktok.com/@mireille_officielle,ğŸ¤ğŸ¤ğŸ»ğŸ¤ğŸ¼ğŸ¤ğŸ½ğŸ¤ğŸ¾ğŸ¤ğŸ¿,3-6-2020,,https://p16-sign-va.tiktokcdn.com/tos-maliva-avt-0068/8255cbff81008786d3a32293ad164013~c5_100x100.jpg?x-expires=1677060000&x-signature=IxgzZ3VLcfi0tvO6Ic2AzKEQO1I%3D,No,---,0
167,Mireille,mireille_officielle,https://www.tiktok.com/@mireille_officielle,ğŸ’ªğŸ’ªğŸ»ğŸ’ªğŸ¼ğŸ’ªğŸ½ğŸ’ªğŸ¾ğŸ’ªğŸ¿,3-6-2020,,https://p16-sign-va.tiktokcdn.com/tos-maliva-avt-0068/8255cbff81008786d3a32293ad164013~c5_100x100.jpg?x-expires=1677060000&x-signature=IxgzZ3VLcfi0tvO6Ic2AzKEQO1I%3D,No,---,0
168,oui,orangebienjaune,https://www.tiktok.com/@orangebienjaune,âœŠğŸ»âœŠğŸ¼âœŠğŸ½âœŠğŸ¾âœŠğŸ¿,3-6-2020,,https://p16-sign-va.tiktokcdn.com/tos-maliva-avt-0068/4eff64e8589331c0b34a9472a4d8de5e~c5_100x100.jpg?x-expires=1677060000&x-signature=Je0d1i1pe1A9cnI6e%2FswogauALE%3D,No,---,0
169,Cam :),camille_dmg13,https://www.tiktok.com/@camille_dmg13,ğ‘¾ğ‘¬ âœŠğŸ» ğ‘¨ğ‘¹ğ‘¬ âœŠğŸ¼ ğ‘»ğ‘¯ğ‘¬ âœŠğŸ¾ ğ‘ºğ‘¨ğ‘´ğ‘¬,3-6-2020,,https://p16-sign-va.tiktokcdn.com/tos-maliva-avt-0068/e3543d7ebea4be0923165f6256266e55~c5_100x100.jpg?x-expires=1677060000&x-signature=TCxqxnzFHc8AUpgQkzZoa6nHLFI%3D,No,---,0
170,C,user010294180904,https://www.tiktok.com/@user010294180904,âœŠğŸ»âœŠğŸ¼âœŠğŸ½âœŠğŸ¾âœŠğŸ¿,3-6-2020,,https://p77-sign-va.tiktokcdn.com/tos-maliva-avt-0068/d580b0e0b0201668c0f77dcf23eee8a0~c5_100x100.jpg?x-expires=1677060000&x-signature=l0klJc8QBoM%2BoTx1Ms1upT5fRAs%3D,No,---,0
171,Laura Besnard,laura.bnard,https://www.tiktok.com/@laura.bnard,ğŸ™ğŸ™ğŸ™ğŸ™,3-6-2020,,https://p77-sign-va.tiktokcdn.com/tos-maliva-avt-0068/26ecf88e5070438036eecbdf0e15ebe2~c5_100x100.jpg?x-expires=1677060000&x-signature=waoifA9r8xmvzaD%2F0o0VrIz301k%3D,No,---,0
172,Karoline_lkl,karoline_lkl,https://www.tiktok.com/@karoline_lkl,âœŠğŸ»âœŠğŸ¼âœŠğŸ½âœŠğŸ¾âœŠğŸ¿,3-6-2020,,https://p16-sign-va.tiktokcdn.com/tos-maliva-avt-0068/8008683bc59e4dd1a01a0955abdca1e7~c5_100x100.jpg?x-expires=1677060000&x-signature=JcdbinijFmxjXe1mDDwob11Iw%2Bc%3D,No,---,0
173,d___ana<3,d__._ana,https://www.tiktok.com/@d__._ana,â¤ï¸â¤ï¸â¤ï¸ğŸ‘ŠğŸ»ğŸ‘ŠğŸ‘ŠğŸ½ğŸ‘ŠğŸ¾,3-6-2020,,https://p77-sign-va.tiktokcdn.com/tos-maliva-avt-0068/fed61e9198e52184dc8b03e58580d3d6~c5_100x100.jpg?x-expires=1677060000&x-signature=ACkYxdM77fieUmuxT8H%2FETtFaeU%3D,No,---,0
174,ğŸ¶,user333896548,https://www.tiktok.com/@user333896548,On est tous Ã©gaux ouvrez les yeux nous avons le mÃªme sang.... âœŠğŸ»âœŠğŸ¼âœŠğŸ½âœŠğŸ¾âœŠğŸ¿,3-6-2020,,https://p16-sign-va.tiktokcdn.com/tos-maliva-avt-0068/93ac35a74c1d48fab198d8f58ad81c66~c5_100x100.jpg?x-expires=1677060000&x-signature=%2BcLzrWYS%2B6GlswNy9XHhkXOMgtY%3D,No,---,0
175,Emmy,emmy.slnbt,https://www.tiktok.com/@emmy.slnbt,TOUS Ã‰GAUX âœŠğŸ»âœŠğŸ½âœŠğŸ¼âœŠğŸ¾âœŠğŸ¿,3-6-2020,,https://p77-sign-va.tiktokcdn.com/tos-maliva-avt-0068/96c0189558a0158a9d74be2c5dc7051e~c5_100x100.jpg?x-expires=1677060000&x-signature=P3L2OO57dM3hsJA11oEeIqAt1pY%3D,No,---,0
176,BALTIKA,boom120.1,https://www.tiktok.com/@boom120.1,veuillez rÃ©pondre Ã  mon commentaire,3-6-2020,,https://p16-sign-sg.tiktokcdn.com/aweme/100x100/tos-alisg-avt-0068/8486f59bc8d43ada9a7629ff027edf46.jpg?x-expires=1677060000&x-signature=cCmZe3pKiwUzLhGF%2BWeF5tgmOso%3D,No,---,0
177,Adina Plesa,adina.__0,https://www.tiktok.com/@adina.__0,âœŠâœŠğŸ»âœŠğŸ¼âœŠğŸ½âœŠğŸ¾âœŠğŸ¿,3-6-2020,,https://p16-sign-va.tiktokcdn.com/musically-maliva-obj/1665689146362886~c5_100x100.jpg?x-expires=1677060000&x-signature=HN1eaJt%2Baep74TkesBRP2IoAn8k%3D,No,---,0
178,bene,britanie43,https://www.tiktok.com/@britanie43,Stop au racisme,3-6-2020,,https://p16-sign-va.tiktokcdn.com/tos-maliva-avt-0068/4a47f7a61a803c2e3bd800d9f028e328~c5_100x100.jpg?x-expires=1677060000&x-signature=Zo4IpsQIt2YSOox1uGQJDFVR7F8%3D,No,---,0
179,bene,britanie43,https://www.tiktok.com/@britanie43,ğŸ‘ŠğŸ¾ğŸ‘ŠğŸ‘ŠğŸ»ğŸ‘ŠğŸ¼ğŸ‘ŠğŸ½ğŸ‘ŠğŸ¿,3-6-2020,,https://p16-sign-va.tiktokcdn.com/tos-maliva-avt-0068/4a47f7a61a803c2e3bd800d9f028e328~c5_100x100.jpg?x-expires=1677060000&x-signature=Zo4IpsQIt2YSOox1uGQJDFVR7F8%3D,No,---,0
180,Sofia,lusky1,https://www.tiktok.com/@lusky1,Nous sommes Ã©gaux ! #blacklivesmatter,3-6-2020,,https://p16-sign-sg.tiktokcdn.com/aweme/100x100/tos-alisg-avt-0068/smgff62cd6d0a33588727b0776cd8ec1c05.jpg?x-expires=1677060000&x-signature=Gy8QwC4j7eqCWOFWejgZxy%2BFtD8%3D,No,---,0
181,ellalilounette,chamalow.ella,https://www.tiktok.com/@chamalow.ella,merci beaucoup lenni â™¥ï¸ğŸ˜˜,3-6-2020,,https://p16-sign-va.tiktokcdn.com/tos-maliva-avt-0068/cf716956ebd1775cd73900957180253a~c5_100x100.jpg?x-expires=1677060000&x-signature=RzdEFZJih9X%2FmwUl2EqlSmeZgoA%3D,No,---,0
182,Shawna,shawna.f,https://www.tiktok.com/@shawna.f,on est tous Ã©gaux âœŠğŸ»âœŠğŸ¼âœŠğŸ½âœŠğŸ¾âœŠğŸ¿,3-6-2020,,https://p77-sign-va.tiktokcdn.com/tos-maliva-avt-0068/59d2af725b04cb6f1928f013c91c85e7~c5_100x100.jpg?x-expires=1677060000&x-signature=WKrZ28hpEvrnOZeXtMdLs5BVjfg%3D,No,---,0
183,mouhoub.mon.petit.coeur,sabri_bw.mes.sang.3,https://www.tiktok.com/@sabri_bw.mes.sang.3,mon chou lenni,3-6-2020,,https://p16-sign-sg.tiktokcdn.com/aweme/100x100/tos-alisg-avt-0068/995ab03987ef9c025cfc473c001659a0.jpg?x-expires=1677060000&x-signature=NJ2mcojBBqZ1tu9Oi82gbMRU8CM%3D,No,---,0
184,Kessy-ketelaere,kessy.ketelaere,https://www.tiktok.com/@kessy.ketelaere,âœŠğŸ»âœŠğŸ¼âœŠğŸ½âœŠğŸ¾âœŠğŸ¿â¤ï¸,3-6-2020,,https://p16-sign-va.tiktokcdn.com/tos-maliva-avt-0068/24b120d17094079d65fdeeda9c756b42~c5_100x100.jpg?x-expires=1677060000&x-signature=KtAsQKR2ntVVllLPOXW2Eo13FGo%3D,No,---,0
185,coralie.glte,coralie_glte,https://www.tiktok.com/@coralie_glte,âœŠğŸ»âœŠğŸ¼âœŠğŸ½âœŠğŸ¾âœŠğŸ¿,3-6-2020,,https://p16-sign-va.tiktokcdn.com/tos-maliva-avt-0068/ab46280f157cfb4a9f4a5ce3168a9c35~c5_100x100.jpg?x-expires=1677060000&x-signature=qzhXm2ga4kDd8%2Fy87We7%2FXu6ado%3D,No,---,0
186,x1m,day_01ty,https://www.tiktok.com/@day_01ty,âœŠğŸ¿âœŠğŸ¾âœŠğŸ¼âœŠğŸ½âœŠğŸ»,3-6-2020,,https://p16-sign-va.tiktokcdn.com/tos-maliva-avt-0068/8c724ea09bfbfc1307f8342b8784da0e~c5_100x100.jpg?x-expires=1677060000&x-signature=MLiFepffueOmxhYzYx8c97Qc7Z8%3D,No,---,0
187,MichhhğŸ¤,gotxsvn,https://www.tiktok.com/@gotxsvn,âœŠğŸ»âœŠğŸ¼âœŠğŸ½âœŠğŸ¾âœŠğŸ¿ğŸ–¤,3-6-2020,,https://p16-sign-va.tiktokcdn.com/tos-maliva-avt-0068/a33edfa53904229d5cdadeabc431170e~c5_100x100.jpg?x-expires=1677060000&x-signature=DzAFRT6n1FNZ9LH38IpRqKKgf8M%3D,No,---,0
188,zÃµÄ—,zoe.bang,https://www.tiktok.com/@zoe.bang,â¤ï¸âœŠâ¤ï¸âœŠâ¤ï¸âœŠâ¤ï¸âœŠâ¤ï¸âœŠâ¤ï¸âœŠâ¤ï¸âœŠâ¤ï¸âœŠâ¤ï¸âœŠâ¤ï¸âœŠâ¤ï¸âœŠâ¤ï¸âœŠâ¤ï¸âœŠâ¤ï¸âœŠâ¤ï¸âœŠâ¤ï¸âœŠâ¤ï¸âœŠâ¤ï¸âœŠâ¤ï¸âœŠâ¤ï¸âœŠâ¤ï¸âœŠâ¤ï¸âœŠâ¤ï¸âœŠâ¤ï¸âœŠâ¤ï¸âœŠâ¤ï¸âœŠâ¤ï¸âœŠâ¤ï¸âœŠâ¤ï¸âœŠâ¤ï¸âœŠâ¤ï¸âœŠâ¤ï¸âœŠâ¤ï¸âœŠâ¤ï¸âœŠâ¤ï¸âœŠâ¤ï¸âœŠâ¤ï¸âœŠâ¤ï¸âœŠâ¤ï¸âœŠâ¤ï¸âœŠâ¤ï¸âœŠâ¤ï¸âœŠâ¤ï¸âœŠâ¤ï¸âœŠâ¤ï¸âœŠâ¤ï¸âœŠâ¤ï¸âœŠâ¤ï¸âœŠâ¤ï¸âœŠâ¤,3-6-2020,,https://p16-sign-va.tiktokcdn.com/tos-maliva-avt-0068/196076f8ac27866d90e6673e8ac65363~c5_100x100.jpg?x-expires=1677060000&x-signature=N0gIlm%2B92A2GBpi9si32n5g8ytQ%3D,No,---,0
189,tina,tinaa__13,https://www.tiktok.com/@tinaa__13,âœŠğŸ»âœŠğŸ¼âœŠğŸ½âœŠğŸ¾âœŠğŸ¿,3-6-2020,,https://p77-sign-va.tiktokcdn.com/tos-maliva-avt-0068/af4939ca888792a67cbd090325b5198d~c5_100x100.jpg?x-expires=1677060000&x-signature=1XliaTMUteD17G1oosRCpuyxgjI%3D,No,---,0
190,icivallouğŸ‡¦ğŸ‡²,icivallou,https://www.tiktok.com/@icivallou,âœŠâœŠğŸ»âœŠğŸ¼âœŠğŸ½âœŠğŸ¾âœŠğŸ¿ On a tous un cÅ“ur,3-6-2020,,https://p77-sign-va-lite.tiktokcdn.com/tos-maliva-avt-0068/1bbdd8a75e799914cd27ebde6c89a13c~c5_100x100.jpg?x-expires=1677060000&x-signature=z8V%2BQTio5zCibVGYwES1DB5qnGk%3D,No,---,0
191,audrey,audrey.vial,https://www.tiktok.com/@audrey.vial,"ğŸ–¤ğŸ–¤ tous unis , tous Ã©gaux",3-6-2020,,https://p16-sign-va.tiktokcdn.com/tos-maliva-avt-0068/e5fd1ebeff1e0624d95d4cf36cc93171~c5_100x100.jpg?x-expires=1677060000&x-signature=UAAinopHdpylE2WKLuOVi8tcfvA%3D,No,---,0
192,liana,lianaiet,https://www.tiktok.com/@lianaiet,âœŠğŸ¿âœŠğŸ¾âœŠğŸ½âœŠğŸ¼âœŠğŸ»,3-6-2020,,https://p16-sign-va.tiktokcdn.com/tos-maliva-avt-0068/7aff37d7d507722ac536f13ea7140d6f~c5_100x100.jpg?x-expires=1677060000&x-signature=maNHgqvo7cdbm4wmM2q8lDv9Qpc%3D,No,---,0
193,Moughiith,charo2casa,https://www.tiktok.com/@charo2casa,nous somme tous egaux 2020 et le racisme existe hein :-),3-6-2020,,https://p16-sign-sg.tiktokcdn.com/aweme/100x100/tos-alisg-avt-0068/4024b08232fedc82d0f5627c6cce9bdf.jpg?x-expires=1677060000&x-signature=DxGoH2%2BdYtEg6O6kR3BGNA38gik%3D,No,---,0
194,Autistic Finou,lenni.avec.un.i,https://www.tiktok.com/@lenni.avec.un.i,âœŠğŸ»âœŠğŸ¼âœŠğŸ½âœŠğŸ¾âœŠğŸ¿,3-6-2020,,https://p16-sign-va.tiktokcdn.com/musically-maliva-obj/48ce02f10568b501747677e079829f5c~c5_100x100.jpg?x-expires=1677060000&x-signature=Zs7t2k2G6N%2BMGbXFeKIuiP1uLUk%3D,No,---,0
195,.,natha._.59,https://www.tiktok.com/@natha._.59,âœŠâœŠğŸ»âœŠğŸ¼âœŠğŸ½âœŠğŸ¾âœŠğŸ¿,3-6-2020,,https://p16-sign-va.tiktokcdn.com/tos-maliva-avt-0068/85783274e30c58925212c25f22eb794e~c5_100x100.jpg?x-expires=1677060000&x-signature=FPTMbbaFRclyLRZNAMXva4hQ4B8%3D,No,---,0
196,...,furry_13,https://www.tiktok.com/@furry_13,âœŠâœŠğŸ»âœŠğŸ¼âœŠğŸ½âœŠğŸ¾âœŠğŸ¿,3-6-2020,,https://p16-sign-va.tiktokcdn.com/tos-maliva-avt-0068/4ea7d9c43e31bb1241c83c8e93467b62~c5_100x100.jpg?x-expires=1677060000&x-signature=HeKL6QiacssxSSfhxE03l%2Bd1vIk%3D,No,---,0
197,Louise,lou_bct0,https://www.tiktok.com/@lou_bct0,âœŠğŸ»âœŠğŸ¼âœŠğŸ½âœŠğŸ¾âœŠğŸ¿,3-6-2020,,https://p16-sign-va.tiktokcdn.com/tos-maliva-avt-0068/9cd77cd47d59471adbfb772cf1e2ed03~c5_100x100.jpg?x-expires=1677060000&x-signature=KCDs3h1NGYqhWRgPOe3olGsIbV8%3D,No,---,0
198,...,furry_13,https://www.tiktok.com/@furry_13,ğŸ˜±ğŸ˜±ğŸ˜±ğŸ˜”ğŸ˜”ğŸ˜”âœŠğŸ¿âœŠğŸ½âœŠğŸ»âœŠ,3-6-2020,,https://p16-sign-va.tiktokcdn.com/tos-maliva-avt-0068/4ea7d9c43e31bb1241c83c8e93467b62~c5_100x100.jpg?x-expires=1677060000&x-signature=HeKL6QiacssxSSfhxE03l%2Bd1vIk%3D,No,---,0
199,Slowmo and Ã©dite â¤ï¸,slowmo.edite_2k20,https://www.tiktok.com/@slowmo.edite_2k20,ğŸ‘‘1min,3-6-2020,,https://p16-sign-sg.tiktokcdn.com/aweme/100x100/tos-alisg-avt-0068/bdd820c7a19abec03cb1b011da6d8ed3.jpg?x-expires=1677060000&x-signature=4KImnAGQNLisLSomSpSHDHe4uLc%3D,No,---,0
200,thalia,thalia.bdn,https://www.tiktok.com/@thalia.bdn,âœŠğŸ»âœŠğŸ¼âœŠğŸ½âœŠğŸ¾âœŠğŸ¿,3-6-2020,,https://p77-sign-va.tiktokcdn.com/tos-maliva-avt-0068/6ac42b795f8660b5ae6ac4a06a9fba3c~c5_100x100.jpg?x-expires=1677060000&x-signature=CsEiGf1taMFJyHvEkLY62kvicUw%3D,No,---,0
201,âœ¨ï¸Ghaliaâœ¨ï¸,ghalia_trr,https://www.tiktok.com/@ghalia_trr,âœŠğŸ»âœŠğŸ¼âœŠğŸ½âœŠğŸ¾âœŠğŸ¿â¤,3-6-2020,,https://p16-sign-va.tiktokcdn.com/tos-maliva-avt-0068/b487d9606d7b5fb979df63fef6a257e6~c5_100x100.jpg?x-expires=1677060000&x-signature=WZNF7R4%2Fv%2BuLJ5E1jY8C%2FtIuMjA%3D,No,---,0
202,Mâ€¢aâ€¢râ€¢iâ€¢Ã¸â€¢n,marion_pschd,https://www.tiktok.com/@marion_pschd,âœŠâœŠğŸ»âœŠğŸ¼âœŠğŸ½âœŠğŸ¾âœŠğŸ¿,3-6-2020,,https://p16-sign-va.tiktokcdn.com/tos-maliva-avt-0068/a324f7f364b03081f641dc1997a5e5ed~c5_100x100.jpg?x-expires=1677060000&x-signature=l64Dh2IJTt6JMMuJwMBYI4cPvXc%3D,No,---,0
203,Lidie,lidie_93,https://www.tiktok.com/@lidie_93,âœŠâœŠğŸ»âœŠğŸ¼âœŠğŸ½âœŠğŸ¾âœŠğŸ¿,3-6-2020,,https://p16-sign-va.tiktokcdn.com/tos-maliva-avt-0068/de2be517e88b83e5be32d91e5d33a1e1~c5_100x100.jpg?x-expires=1677060000&x-signature=QCcnl5GOkrlMhmqDYe1%2F7%2BQFgbU%3D,No,---,0
204,TH,tiffaine_hwlr,https://www.tiktok.com/@tiffaine_hwlr,âœŠâœŠğŸ»âœŠğŸ¼âœŠğŸ½âœŠğŸ¾âœŠğŸ¿,3-6-2020,,https://p77-sign-va.tiktokcdn.com/tos-maliva-avt-0068/64e8df4be4d36952ab67cb95a10253c6~c5_100x100.jpg?x-expires=1677060000&x-signature=20chEgmReF9h%2F%2BYdoPCjTY0dGMc%3D,No,---,0
205,MelissağŸŒ·,mel8.2,https://www.tiktok.com/@mel8.2,Lenni tu es parti manifester ??,3-6-2020,,https://p16-sign-va.tiktokcdn.com/tos-maliva-avt-0068/8d93dfe5961b20606159c9b1a2dd2465~c5_100x100.jpg?x-expires=1677060000&x-signature=7Fv9JrZHV%2Bz7LMRtFLuMpsSWhcw%3D,No,---,0
206,chaima,chaima_bsghaier,https://www.tiktok.com/@chaima_bsghaier,âœŠğŸ»âœŠğŸ¼âœŠğŸ½âœŠğŸ¾âœŠğŸ¿â¤ğŸ™,3-6-2020,,https://p16-sign-va.tiktokcdn.com/tos-maliva-avt-0068/1d441ff1527f5ee4e1d0ab8b9b919511~c5_100x100.jpg?x-expires=1677060000&x-signature=QOLQmelaugUwDU6b15lRBh%2FSsnw%3D,No,---,0
207,ğ•ƒğ• ğ•¦-ğ•’ğ•Ÿğ•Ÿ,lou_ann0210,https://www.tiktok.com/@lou_ann0210,âœŠğŸ»âœŠğŸ¼âœŠğŸ½âœŠğŸ¾âœŠğŸ¿,3-6-2020,,https://p77-sign-va.tiktokcdn.com/tos-maliva-avt-0068/18e005471bff8fbf0f6314bf6ac93970~c5_100x100.jpg?x-expires=1677060000&x-signature=%2Fkv2VmSqow5vfSMwXVMGKklS6bc%3D,No,---,0
208,Ã‰meline,emeline011111,https://www.tiktok.com/@emeline011111,âœŠâœŠğŸ»âœŠğŸ¼âœŠğŸ½âœŠğŸ¾âœŠğŸ¿,3-6-2020,,https://p77-sign-va.tiktokcdn.com/tos-maliva-avt-0068/abb69535ebcb000e61cfea1d6ffe9c69~c5_100x100.jpg?x-expires=1677060000&x-signature=aU%2B6aVbZ%2BqMIFID8XV%2B%2FQiINaQY%3D,No,---,0
209,maria,m2rr.z,https://www.tiktok.com/@m2rr.z,âœŠğŸ¿âœŠğŸ¾âœŠğŸ½âœŠğŸ¼âœŠğŸ»,3-6-2020,,https://p16-sign-va.tiktokcdn.com/tos-maliva-avt-0068/85d3ab45afbedf47ef45a719fe50202e~c5_100x100.jpg?x-expires=1677060000&x-signature=lx5Uye1O%2BKYzn2tIk5KX3%2BXv4%2BA%3D,No,---,0
210,JosÃ©phine,j0sephine_rb,https://www.tiktok.com/@j0sephine_rb,âœŠğŸ»âœŠğŸ¼âœŠğŸ¾âœŠğŸ¿,3-6-2020,,https://p16-sign-va.tiktokcdn.com/tos-maliva-avt-0068/a1ba88d0044869480a6f069e005534ad~c5_100x100.jpg?x-expires=1677060000&x-signature=PLSCczJHrBYNb4dpG5LZmhCXDco%3D,No,---,0
211,ğŸª¸,useryelena,https://www.tiktok.com/@useryelena,ğŸ‘âœŠğŸ¾,3-6-2020,,https://p77-sign-va.tiktokcdn.com/tos-maliva-avt-0068/ab740802e70557e9c356394ca109656a~c5_100x100.jpg?x-expires=1677060000&x-signature=IukywB9L8vkxEUJnMF7ttByDN3Q%3D,No,---,0
212,CÃ©liaâœ¨,celia._bhl,https://www.tiktok.com/@celia._bhl,âœŠâœŠğŸ»âœŠğŸ¼âœŠğŸ½âœŠğŸ¾âœŠğŸ¿,3-6-2020,,https://p77-sign-va.tiktokcdn.com/tos-maliva-avt-0068/b3f447ccde6f4d7ff7fa79a6b23ff63e~c5_100x100.jpg?x-expires=1677060000&x-signature=VlRM4%2FwtVV9BZGYWyzHcbzXd2mA%3D,No,---,0
213,ğŸ’ğŸ‘‘,sista.m.l.2304,https://www.tiktok.com/@sista.m.l.2304,âœŠğŸ¿âœŠğŸ½âœŠğŸ¼âœŠğŸ»âœŠ,3-6-2020,,https://p77-sign-va-lite.tiktokcdn.com/tos-maliva-avt-0068/39161782f9be8f9e9b4ca5337abe46b0~c5_100x100.jpg?x-expires=1677060000&x-signature=O9PbSnqg6GwGHhjksVYA%2BRNlGBI%3D,No,---,0
214,maÃ¯na,maina_he,https://www.tiktok.com/@maina_he,"â€œDonâ€™t judge a person by the color of their skin, but by the content of their character.â€ - Martin Luther King Jr.",3-6-2020,,https://p16-sign-va.tiktokcdn.com/tos-maliva-avt-0068/08080412cd2100ddeb955f2201f2948d~c5_100x100.jpg?x-expires=1677060000&x-signature=wLH7Fs%2Bi28eirkNc3MclZVM81Qc%3D,No,---,0
215,ğ‹ğ®ğ§ğš.,lunathees,https://www.tiktok.com/@lunathees,"all equal , all human âœŠğŸ»âœŠğŸ¼âœŠğŸ½âœŠğŸ¾âœŠğŸ¿â¤ï¸",3-6-2020,,https://p77-sign-va.tiktokcdn.com/tos-maliva-avt-0068/0a7b550b50d11d5a8628c295177a7373~c5_100x100.jpg?x-expires=1677060000&x-signature=KK4kTYuWcX1%2FQs2etRHt7Q73RkM%3D,No,---,0
216,User,user_anonyme08,https://www.tiktok.com/@user_anonyme08,Black lives Mather âœŠğŸ»âœŠğŸ¼âœŠğŸ½âœŠğŸ¾âœŠğŸ¿,29-8-2020,,https://p16-sign-va.tiktokcdn.com/tos-maliva-avt-0068/d7d273e18f76b7b2a40e940800555400~c5_100x100.jpg?x-expires=1677060000&x-signature=Y7rqucXwQZZe73Yq5N3l19ohhYg%3D,No,---,0
217,Ğ”ĞµĞ½Ğ¸Ñ ĞŸĞ»ĞµÑĞ¸ÑĞ½Ğ¾Ğ²,denisthebest.tiktok,https://www.tiktok.com/@denisthebest.tiktok,help me get up to 1k subscribers please [cry][cry][cry][cry]),17-6-2020,,https://p16-sign-sg.tiktokcdn.com/aweme/100x100/tos-alisg-avt-0068/3e5c62280df29c01bfd42085f4d4d8e2.jpg?x-expires=1677060000&x-signature=ltSqQziBHljiWLuKyFp0uHnjywg%3D,No,---,0
218,âœï¸ğŸ«€ğŸ‡®ğŸ‡¹,jxteeee_elena,https://www.tiktok.com/@jxteeee_elena,âœŠğŸ»âœŠğŸ¼âœŠğŸ½âœŠğŸ¾âœŠğŸ¿NOUS SOMMES TOUS HUMAIN MALGRÃ‰ NOTRE COULEURâœŠğŸ»âœŠğŸ¼âœŠğŸ½âœŠğŸ¾âœŠğŸ¿,3-6-2020,,https://p77-sign-va.tiktokcdn.com/tos-maliva-avt-0068/df6facde1e2298d78e506ab3cce98219~c5_100x100.jpg?x-expires=1677060000&x-signature=0AbUkks58UD2A1TUjurS61hSl5A%3D,No,---,0
219,ğ““ğ“²ğ“®ğ”‚ ğŸ‘‘,_dieyy_,https://www.tiktok.com/@_dieyy_,ğ‘¾ğ‘¬ âœŠğŸ» ğ‘¨ğ‘¹ğ‘¬ âœŠğŸ¼ ğ‘»ğ‘¯ğ‘¬ âœŠğŸ¾ ğ‘ºğ‘¨ğ‘´ğ‘¬ âœŠğŸ¿,21-6-2020,,https://p16-sign-va.tiktokcdn.com/tos-maliva-avt-0068/a6c47d97250755bba38e1fedde2f6643~c5_100x100.jpg?x-expires=1677060000&x-signature=3lNIYu3f%2BtC8hfTrAKieUmNOk%2B4%3D,No,---,0
220,â¤ï¸I'ts me â¤ï¸,citation.087,https://www.tiktok.com/@citation.087,ğ‘¾ğ‘¬ âœŠğŸ» ğ‘¨ğ‘¹ğ‘¬ âœŠğŸ¼ ğ‘»ğ‘¯ğ‘¬ âœŠğŸ¾ ğ‘ºğ‘¨ğ‘´ğ‘¬ âœŠğŸ¿,17-6-2020,,https://p16-sign-va.tiktokcdn.com/tos-maliva-avt-0068/9a44792931cf75e93ab9679ae5f1475f~c5_100x100.jpg?x-expires=1677060000&x-signature=PRETpElY5vJhMjDUWG9QO164saM%3D,No,---,0
221,inaya,inayalouna,https://www.tiktok.com/@inayalouna,je m inquiÃ©tais je me demandais ce qu il s Ã©tait passe avec toi,3-6-2020,,https://p16-sign-va.tiktokcdn.com/tos-maliva-avt-0068/2f987bf6f4cc55b70def60da2febfcec~c5_100x100.jpg?x-expires=1677060000&x-signature=B0hukwbTJgDrQ4JLq00RDfuzCcI%3D,No,---,0
222,hilal,jjeonqkth,https://www.tiktok.com/@jjeonqkth,â¤ï¸â€ğŸ”¥â¤ï¸â€ğŸ”¥â¤ï¸â€ğŸ”¥â¤ï¸â€ğŸ”¥â¤ï¸â€ğŸ”¥,20-5-2022,,https://p16-sign-va.tiktokcdn.com/tos-maliva-avt-0068/fea829fa0794ebfd699260c5bd34f7e6~c5_100x100.jpg?x-expires=1677060000&x-signature=Sh9F1Im1nsCs6vnKuUCN3kVxAu0%3D,No,---,0
223,Dodo,dodo.stn,https://www.tiktok.com/@dodo.stn,Black lives MATTER,3-6-2020,,https://p16-sign-va.tiktokcdn.com/tos-maliva-avt-0068/eb1831c196e1c2c4403e32573a525923~c5_100x100.jpg?x-expires=1677060000&x-signature=l7gHLC4EG1z8MFbsvOHxRtwissQ%3D,No,---,0
224,Call me Pinky ! ğŸ–¤,pinky_yb,https://www.tiktok.com/@pinky_yb,BLACKâœŠğŸ» LIVESâœŠğŸ½ METTER âœŠğŸ¿,3-6-2020,,https://p16-sign-va.tiktokcdn.com/tos-maliva-avt-0068/b8da78efa2ca8861f3e6b09eb017d2ec~c5_100x100.jpg?x-expires=1677060000&x-signature=EaM9eJFRe3TrqYKKwPQGSvoCHF8%3D,No,---,0
225,ğŸŒ´LÃ©nağŸŒ´,lena.11101,https://www.tiktok.com/@lena.11101,black lives matter âœŠ,3-6-2020,,https://p16-sign-va.tiktokcdn.com/musically-maliva-obj/a0c76905ca107e34215f1eb435cb15f1~c5_100x100.jpg?x-expires=1677060000&x-signature=2ImD%2Bg%2BZqfcZa%2Fz6WJNlF%2FO8NZQ%3D,No,---,0
226,Emmy,emmy.slnbt,https://www.tiktok.com/@emmy.slnbt,Black Lives Matter,3-6-2020,,https://p77-sign-va.tiktokcdn.com/tos-maliva-avt-0068/96c0189558a0158a9d74be2c5dc7051e~c5_100x100.jpg?x-expires=1677060000&x-signature=P3L2OO57dM3hsJA11oEeIqAt1pY%3D,No,---,0